# file opened: S6ED.Z8A
  1   0000              ; **********************************************
  2   0000              ; * S6ED                                       *
  3   0000              ; * MSX2 SCREEN 6 TEXT EDITOR                  *
  4   0000              ; * 80 COLS X 24 ROWS, 6X8 FONT, DOS2/NEXTOR  *
  5   0000              ; * 2024 - 2025 CODED BY ARMANDO PEREZ         *
  6   0000              ; **********************************************
  7   0000
  8   0000                              OUTPUT  S6ED.COM
  9   0000
 10   0000              ; --- MACROS                    ----------------------------------------
 11   0000
 12   0000
 13   0000                              ; INFINITE LOOP / BREAKPOINT
 14   0000                              MACRO   BRK
 15   0000 ~                            DI
 16   0000 ~                            JP      $
 17   0000                              ENDM
 18   0000
 19   0000                              ; ORG WITH PADDING (DOES NOT DISCARD CODE)
 20   0000                              MACRO PADORG ADDR
 21   0000 ~                            IF $ < ADDR
 22   0000 ~                            BLOCK ADDR-$
 23   0000 ~                            ENDIF
 24   0000 ~                            ORG ADDR
 25   0000                              ENDM
 26   0000
 27   0000                              ; DEBUG LOG TO OPENMSX DEBUGDEVICE
 28   0000                              MACRO   DBG MSG
 29   0000 ~                            CALL    DBGMSG
 30   0000 ~                            DEFM    MSG, 10, 0
 31   0000                              ENDM
 32   0000
 33   0000
 34   0000              ; --- CONST / INCLUDES          ----------------------------------------
 35   0000
 36   0000
 37   0000                              INCLUDE HARD.Z8A
# file opened: HARD.Z8A
  1+  0000              ;                                       ****************************************
  2+  0000              ;                                       * HARD CONSTANTS                        *
  3+  0000              ;                                       ****************************************
  4+  0000
  5+  0000
  6+  0000              ; --- SYSTEM                            ----------------------------------------
  7+  0000
  8+  0000
  9+  0000              SYSTEM          EQU     #2D
 10+  0000
 11+  0000
 12+  0000              ; --- BIOS                              ----------------------------------------
 13+  0000
 14+  0000
 15+  0000              ENASCR_B        EQU     #44
 16+  0000              DISSCR_B        EQU     #41
 17+  0000              WRTVDP_B        EQU     #47
 18+  0000              WRTVRM          EQU     #4D
 19+  0000              FILVRM_B        EQU     #56
 20+  0000              LDIRVM_B        EQU     #5C
 21+  0000              LDIRMV_B        EQU     #59
 22+  0000              CHGMOD          EQU     #5F
 23+  0000              SNSMAT          EQU     #141
 24+  0000              ENASLT          EQU     #24
 25+  0000              RSLREG          EQU     #138
 26+  0000              RDSLT           EQU     #0C
 27+  0000              WRSLT           EQU     #14
 28+  0000              CHPUT           EQU     #A2
 29+  0000              CALSLT          EQU     #1C
 30+  0000              DCOMPR_B        EQU     #20
 31+  0000              KILBUF          EQU     #156
 32+  0000              CHSNS           EQU     #9C
 33+  0000              CHGET           EQU     #9F
 34+  0000              EXTBIOS         EQU     #15F
 35+  0000              SUBROM          EQU     #15C
 36+  0000              CLS             EQU     #00C3
 37+  0000              EXTROM          EQU     #015F
 38+  0000              RDVDP           EQU     #013E
 39+  0000              ERAFNK          EQU     #CC
 40+  0000              DSPFNK          EQU     #CF
 41+  0000              BREAKX          EQU     #B7
 42+  0000
 43+  0000
 44+  0000              ; --- SYSTEM VARS               ----------------------------------------
 45+  0000
 46+  0000
 47+  0000              HTIMI           EQU     #FD9F
 48+  0000              HKEYI           EQU     #FD9A
 49+  0000              CLIKSW          EQU     #F3DB
 50+  0000              SCRMOD          EQU     #FCAF
 51+  0000              RG0SAV          EQU     #F3DF
 52+  0000              RG1SAV          EQU     RG0SAV + 1
 53+  0000              RG3SAV          EQU     RG0SAV + 3
 54+  0000              RG4SAV          EQU     RG0SAV + 4
 55+  0000              RG6SAV          EQU     RG0SAV + 6
 56+  0000              RG7SAV          EQU     RG0SAV + 7
 57+  0000              RG8SAV          EQU     #FFE7
 58+  0000              EXPTBL          EQU     #FCC1
 59+  0000              SLTTBL          EQU     #FCC5
 60+  0000              EXTVDP          EQU     #FFE7
 61+  0000              EXBRSA          EQU     #FAF8
 62+  0000              RAMAD0          EQU     #F341
 63+  0000              RAMAD1          EQU     #F342
 64+  0000              RAMAD2          EQU     #F343
 65+  0000              RAMAD3          EQU     #F344
 66+  0000              CNSDFG          EQU     #F3DE
 67+  0000              FNKSTR          EQU     #F87F
 68+  0000              REPCNT          EQU     #F3F7
 69+  0000              JIFFY           EQU     #FC9E
 70+  0000              STATFL          EQU     #F3E7
 71+  0000
 72+  0000              RG10SA          EQU     #FFE9
 73+  0000              RG18SA          EQU     #FFF1
 74+  0000              RG19SA          EQU     #FFF2
 75+  0000              RG23SA          EQU     #FFF6
 76+  0000              RG25SA          EQU     #FFFA
 77+  0000              RG26SA          EQU     #FFFB
 78+  0000              RG27SA          EQU     #FFFC
 79+  0000
 80+  0000              CGPNT           EQU     #0004           ; ROM CHARSET SLOT+ADDRESS POINTER
 81+  0000                                                      ; READ VIA RDSLT FROM SLOT 0
 82+  0000
 83+  0000
 84+  0000              ; --- EXTBIO / MAPPER           ----------------------------------------
 85+  0000
 86+  0000
 87+  0000              EXTBIO          EQU     #FFCA
 88+  0000              HOKVLD          EQU     #FB20           ; BIT 0 = EXTENDED BIOS PRESENT
 89+  0000              ARG             EQU     #F847
 90+  0000
 91+  0000                              ; MAPPER DEVICE / FUNCTION
 92+  0000              MAP_DEV         EQU     4               ; D=4: MEMORY MAPPER DEVICE
 93+  0000              MAPFNTBL      EQU     2              ; E=2: GET JUMP TABLE (→ HL)
 94+  0000              MAPFNVAR      EQU     1              ; E=1: GET VARIABLE TABLE (→ HL)
 95+  0000
 96+  0000                              ; MAPPER JUMP TABLE OFFSETS (FROM BASE RETURNED BY EXTBIO)
 97+  0000              MJALLSEG      EQU     #00
 98+  0000              MJFRESEG      EQU     #03
 99+  0000              MJRDSEG       EQU     #06
100+  0000              MJWRSEG       EQU     #09
101+  0000              MJCALSEG      EQU     #0C
102+  0000              MJCALLS       EQU     #0F
103+  0000              MJPUTPH       EQU     #12
104+  0000              MJGETPH       EQU     #15
105+  0000              MJPUTP0       EQU     #18
106+  0000              MJGETP0       EQU     #1B
107+  0000              MJPUTP1       EQU     #1E
108+  0000              MJGETP1       EQU     #21
109+  0000              MJPUTP2       EQU     #24
110+  0000              MJGETP2       EQU     #27
111+  0000              MJPUTP3       EQU     #2A            ; NOP
112+  0000              MJGETP3       EQU     #2D
113+  0000
114+  0000
115+  0000              ; --- VDP PORTS                 ----------------------------------------
116+  0000
117+  0000
118+  0000              VDPDR           EQU     #98             ; VDP DATA PORT (READ/WRITE)
119+  0000              VDPCT           EQU     #99             ; VDP CONTROL PORT (REGISTER/STATUS)
120+  0000              VDPST           EQU     #99             ; VDP STATUS PORT (READ)
121+  0000              VDPPAL          EQU     #9A             ; PALETTE DATA
122+  0000              VDPPALC         EQU     #9B             ; PALETTE REGISTER
123+  0000              VDPIND          EQU     #9B             ; VDP INDIRECT REGISTER PORT (PORT 3)
124+  0000
125+  0000
126+  0000
127+  0000              ; --- VDP COMMAND REGISTER VALUES   -----------------------------------
128+  0000
129+  0000
130+  0000                              ; CMR (R#46) COMMAND CODES
131+  0000              VDP_HMMC        EQU     #F0             ; CPU → VRAM (BYTE-TRANSFER)
132+  0000              VDP_YMMM        EQU     #E0             ; VRAM → VRAM (Y ONLY, SAME X)
133+  0000              VDP_HMMM        EQU     #D0             ; VRAM → VRAM (BYTE-TRANSFER)
134+  0000              VDP_HMMV        EQU     #C0             ; FILL BYTES
135+  0000              VDP_LMMC        EQU     #B0             ; CPU → VRAM (DOT-TRANSFER)
136+  0000              VDP_LMCM        EQU     #A0             ; VRAM → CPU (DOT-TRANSFER)
137+  0000              VDP_LMMM        EQU     #90             ; VRAM → VRAM (DOT-TRANSFER)
138+  0000              VDP_LMMV        EQU     #80             ; FILL DOTS
139+  0000              VDP_LINE        EQU     #70             ; DRAW LINE
140+  0000              VDP_SRCH        EQU     #60             ; SEARCH FOR COLOR
141+  0000              VDP_PSET        EQU     #50             ; PLOT DOT
142+  0000              VDPOINT       EQU     #40             ; GET DOT COLOR
143+  0000              VDP_STOP        EQU     #20             ; STOP COMMAND
144+  0000              VDP_NOP         EQU     #00
145+  0000
146+  0000                              ; ARG (R#45) DIY BITS
147+  0000              VDP_DIY         EQU     #04             ; SET: DIRECTION Y = UP (DEFAULT DOWN)
148+  0000              VDP_DIX         EQU     #02             ; SET: DIRECTION X = LEFT (DEFAULT RIGHT)
149+  0000              VDP_EQ          EQU     #01             ; SRCH: STOP IF EQUAL (DEFAULT NOT-EQUAL)
150+  0000              VDP_MXS         EQU     #20             ; SOURCE IN PAGE 1
151+  0000              VDP_MXD         EQU     #10             ; DEST IN PAGE 1
152+  0000
153+  0000                              ; LOGICAL OPERATIONS (CMR BITS 3-0, USED WITH LMMM/LMMV/LMMC)
154+  0000              VDP_IMP         EQU     #00             ; SRC → DST
155+  0000              VDP_AND         EQU     #01
156+  0000              VDP_OR          EQU     #02
157+  0000              VDP_XOR         EQU     #03
158+  0000              VDP_NOT         EQU     #04
159+  0000              VDP_TIMP        EQU     #08             ; TRANSPARENT (COLOR 0 NOT WRITTEN)
160+  0000              VDP_TAND        EQU     #09
161+  0000              VDP_TOR         EQU     #0A
162+  0000              VDP_TXOR        EQU     #0B
163+  0000              VDP_TNOT        EQU     #0C
164+  0000
165+  0000
166+  0000              ; --- BDOS                      ----------------------------------------
167+  0000
168+  0000
169+  0000              DOS             EQU     #05
170+  0000
171+  0000              _PARAMS         EQU     #80
172+  0000
173+  0000              _CONIN          EQU     #01
174+  0000              _CONOUT         EQU     #02
175+  0000              _DIRIO          EQU     #06
176+  0000              _INNOE          EQU     #08
177+  0000              _STROUT         EQU     #09
178+  0000              _CONST          EQU     #0B
179+  0000              _BUFIN          EQU     #0A
180+  0000
181+  0000              _FOPEN          EQU     #0F
182+  0000              _FCLOSE         EQU     #10
183+  0000              _FMAKE          EQU     #16
184+  0000              _FDEL           EQU     #13
185+  0000              _SETDTA         EQU     #1A
186+  0000              _WRBLK          EQU     #26
187+  0000              _RDBLK          EQU     #27
188+  0000              _TERM0          EQU     #00
189+  0000
190+  0000                              ; DOS2 CALLS
191+  0000              _OPEN           EQU     #43
192+  0000              _CREATE         EQU     #44
193+  0000              _CLOSE          EQU     #45
194+  0000              _READ           EQU     #48
195+  0000              _WRITE          EQU     #49
196+  0000              _SEEK           EQU     #4A
197+  0000              _DELETE         EQU     #4D
198+  0000              _DEFAB          EQU     #63
199+  0000              _DEFER          EQU     #64
200+  0000              _DOSVER         EQU     #6F
201+  0000              _FFIRST         EQU     #40
202+  0000              _TERM           EQU     #62
203+  0000
204+  0000
205+  0000              ; --- DOS FCB OFFSETS           ----------------------------------------
206+  0000
207+  0000
208+  0000              FDRIVE          EQU     0
209+  0000              FFILNAME        EQU     1
210+  0000              FFILEXT         EQU     9
211+  0000              FCURBLK         EQU     12
212+  0000              FRECSIZ         EQU     14
213+  0000              FFILSIZ         EQU     16
214+  0000              FDATE           EQU     20
215+  0000              FTIME           EQU     22
216+  0000              FDEVID          EQU     24
217+  0000              FDIRLOC         EQU     25
218+  0000              FTOPCLUS        EQU     26
219+  0000              FLSTCLUS        EQU     28
220+  0000              FRELLOC         EQU     30
221+  0000              FCURREC         EQU     32
222+  0000              FRNDREC         EQU     33
223+  0000              SIZEFCB         EQU     37
224+  0000
225+  0000
226+  0000              ; --- ASCII                     ----------------------------------------
227+  0000
228+  0000
229+  0000              NUL             EQU     0
230+  0000              BEL             EQU     #07
231+  0000              BS              EQU     #08
232+  0000              TAB             EQU     #09
233+  0000              LF              EQU     #0A
234+  0000              CR              EQU     #0D
235+  0000              ESC             EQU     #1B
236+  0000              DEL             EQU     #7F
237+  0000
238+  0000                              ; MSX CURSOR KEYS (RETURNED BY CHGET)
239+  0000              CRIGHT          EQU     #1C
240+  0000              CLEFT           EQU     #1D
241+  0000              CUP             EQU     #1E
242+  0000              CDOWN           EQU     #1F
243+  0000
244+  0000                              ; MSX FUNCTION KEY CODES
245+  0000              F1KEY           EQU     #F1
246+  0000              F2KEY           EQU     #F2
247+  0000              F3KEY           EQU     #F3
248+  0000              F4KEY           EQU     #F4
249+  0000              F5KEY           EQU     #F5
250+  0000
251+  0000                              ; CONTROL KEYS
252+  0000              CTRL_A          EQU     #01
253+  0000              CTRL_C          EQU     #03
254+  0000              CTRL_F          EQU     #06
255+  0000              CTRL_G          EQU     #07
256+  0000              CTRL_K          EQU     #0B
257+  0000              CTRL_L          EQU     #0C
258+  0000              CTRL_N          EQU     #0E
259+  0000              CTRL_O          EQU     #0F
260+  0000              CTRL_Q          EQU     #11
261+  0000              CTRL_R          EQU     #12
262+  0000              CTRL_S          EQU     #13
263+  0000              CTRL_V          EQU     #16
264+  0000              CTRL_X          EQU     #18
265+  0000              CTRL_Z          EQU     #1A
266+  0000
# file closed: HARD.Z8A
 38   0000                              INCLUDE CONST.Z8A
# file opened: CONST.Z8A
  1+  0000              ;                                       ****************************************
  2+  0000              ;                                       * CONSTANTS                            *
  3+  0000              ;                                       ****************************************
  4+  0000
  5+  0000
  6+  0000              ; --- VERSION                   ----------------------------------------
  7+  0000
  8+  0000
  9+  0000              VERSION
 10+  0000              .MAJOR          EQU     "0"
 11+  0000              .MINOR          EQU     "1"
 12+  0000
 13+  0000
 14+  0000              ; --- SCREEN LAYOUT             ----------------------------------------
 15+  0000
 16+  0000
 17+  0000                              ; CHARACTER GRID
 18+  0000              SCRCOLS         EQU     80              ; TEXT AREA COLUMNS
 19+  0000              SCRROWS         EQU     24              ; TEXT AREA ROWS (ROWS 1-24)
 20+  0000              CELLW           EQU     6               ; CELL WIDTH IN PIXELS
 21+  0000              CELLH           EQU     8               ; CELL HEIGHT IN PIXELS
 22+  0000
 23+  0000                              ; PIXEL LAYOUT
 24+  0000              GUTL_PX         EQU     24              ; LEFT GUTTER WIDTH (4 CHARS × 6PX)
 25+  0000              GUTR_PX         EQU     8               ; RIGHT GUTTER WIDTH (SCROLLBAR)
 26+  0000              TXAREAPX       EQU     480             ; TEXT AREA WIDTH (80 × 6PX)
 27+  0000              TXORG_X         EQU     GUTL_PX         ; TEXT AREA X ORIGIN
 28+  0000              TXORG_Y         EQU     CELLH           ; TEXT AREA Y ORIGIN (SKIP MENU ROW 0)
 29+  0000              SCRTOTY      EQU     212             ; TOTAL SCREEN HEIGHT IN PIXELS
 30+  0000
 31+  0000                              ; ROWS (IN CHARACTER UNITS)
 32+  0000              MNUROW          EQU     0               ; MENU BAR ROW
 33+  0000              TXRFIRST    EQU     1               ; FIRST TEXT ROW
 34+  0000              TXRLAST     EQU     24              ; LAST TEXT ROW
 35+  0000              STBROW          EQU     25              ; STATUS BAR ROW
 36+  0000
 37+  0000
 38+  0000              ; --- VRAM MAP                  ----------------------------------------
 39+  0000
 40+  0000
 41+  0000              VR_DISP         EQU     #00000          ; DISPLAY BITMAP (128 B/LINE × 212 LINES)
 42+  0000              VR_SAT          EQU     #06A00          ; SPRITE ATTRIBUTE TABLE
 43+  0000              VR_SGT          EQU     #06C00          ; SPRITE GENERATOR TABLE
 44+  0000
 45+  0000              VR_FNORM        EQU     #07000          ; FONT: NORMAL        (256 × 16 BYTES)
 46+  0000              VR_FBOLD        EQU     #08000          ; FONT: BOLD
 47+  0000              VR_FITAL        EQU     #09000          ; FONT: ITALIC
 48+  0000              VR_FBI          EQU     #0A000          ; FONT: BOLD+ITALIC
 49+  0000
 50+  0000                              ; FONT TABLE GEOMETRY (ALL TABLES IDENTICAL STRUCTURE)
 51+  0000                              ;   32 GLYPHS PER ROW → 8 ROWS (256 TOTAL)
 52+  0000                              ;   GLYPH N: SX = (N % 32) * 6,  SY = TABLE_SY + (N / 32) * 8
 53+  0000                              ;   TABLE_SY = (VR_FXXX - VR_DISP) / 128
 54+  0000              FNORM_SY        EQU     (VR_FNORM - VR_DISP) / 128     ; = 56
 55+  0000              FBOLD_SY        EQU     (VR_FBOLD - VR_DISP) / 128     ; = 64
 56+  0000              FITAL_SY        EQU     (VR_FITAL - VR_DISP) / 128     ; = 72
 57+  0000              FBI_SY          EQU     (VR_FBI   - VR_DISP) / 128     ; = 80
 58+  0000
 59+  0000
 60+  0000              ; --- PALETTE                   ----------------------------------------
 61+  0000
 62+  0000
 63+  0000                              ; COLOR INDICES (SCREEN 6, 4 COLORS)
 64+  0000              COL_BG          EQU     0               ; BACKGROUND
 65+  0000              COL_FG          EQU     1               ; NORMAL TEXT / FOREGROUND
 66+  0000              COL_UI          EQU     2               ; UI CHROME (GUTTERS, MENU, STATUS)
 67+  0000              COL_HI          EQU     3               ; CURSOR / HIGHLIGHT / ACCENT
 68+  0000
 69+  0000                              ; BYTE PATTERNS (SCREEN 6, 4 PIXELS PER BYTE FOR HMMV)
 70+  0000              CLR_BG          EQU     #00             ; 4 PIXELS OF COLOR 0 (%00000000)
 71+  0000              CLR_FG          EQU     #55             ; 4 PIXELS OF COLOR 1 (%01010101)
 72+  0000              CLR_UI          EQU     #AA             ; 4 PIXELS OF COLOR 2 (%10101010)
 73+  0000              CLR_HI          EQU     #FF             ; 4 PIXELS OF COLOR 3 (%11111111)
 74+  0000
 75+  0000
 76+  0000              ; --- CHARACTER ATTRIBUTES      ----------------------------------------
 77+  0000
 78+  0000
 79+  0000                              ; ATTR BYTE BIT DEFINITIONS (PER CELL, STORED ALONGSIDE TEXT)
 80+  0000              ATRBOLD       EQU     #01             ; BIT 0
 81+  0000              ATRITAL       EQU     #02             ; BIT 1
 82+  0000              ATRUNDR       EQU     #04             ; BIT 2
 83+  0000              ATRINV        EQU     #08             ; BIT 3  (INVERSE VIDEO)
 84+  0000              ATRFMSK   EQU     #03             ; BITS 0-1 → FONT VARIANT INDEX
 85+  0000
 86+  0000
 87+  0000              ; --- TEXT BUFFER / MAPPER      ----------------------------------------
 88+  0000
 89+  0000
 90+  0000              MAXLINES        EQU     5460            ; MAX DOCUMENT LINES
 91+  0000                                                      ;   16384 / DIRSIZ = 5461; USE 5460
 92+  0000              DIRSIZ          EQU     3               ; BYTES PER LINE DIRECTORY ENTRY
 93+  0000                                                      ;   [1: SEGMENT] [2: WORD OFFSET]
 94+  0000              LINEREC         EQU     161             ; MAX LINE RECORD: 1 + 80 + 80
 95+  0000              TEXTCOLS        EQU     80              ; MAX CHARS PER LINE
 96+  0000              WORKSIZ         EQU     LINEREC         ; WORK BUFFER SIZE (= MAX RECORD)
 97+  0000
 98+  0000              DIRPAGE         EQU     #4000           ; PAGE 1 — LINE DIRECTORY (FIXED SEGMENT)
 99+  0000              TXPAGE          EQU     #8000           ; PAGE 2 — TEXT WINDOW (SWITCHED)
100+  0000
101+  0000                              ; SEGMENT ALLOCATION TYPE (FOR ALL_SEG)
102+  0000              SEG_USER        EQU     0               ; A=0: ALLOCATE USER SEGMENT
103+  0000              SEG_SYS         EQU     1               ; A=1: ALLOCATE SYSTEM SEGMENT
104+  0000
105+  0000
106+  0000              ; --- LANGUAGE MODES            ----------------------------------------
107+  0000
108+  0000
109+  0000              LGNONE       EQU     0
110+  0000              LANG_Z80        EQU     1
111+  0000              LGBASIC      EQU     2
112+  0000              LANG_C          EQU     3
113+  0000              LGPYTHN     EQU     4
114+  0000
115+  0000
116+  0000              ; --- MISC                      ----------------------------------------
117+  0000
118+  0000
119+  0000
120+  0000              INS_MODE        EQU     1               ; INSERT
121+  0000              OVR_MODE        EQU     0               ; OVERWRITE
122+  0000
# file closed: CONST.Z8A
 39   0000
 40   0000
 41   0000              ; --- DOS PROGRAM               ----------------------------------------
 42   0000
 43   0000
 44   0000                              ORG     #100
 45   0100 C3 A4 19                     JP      INIT
 46   0103
 47   0103
 48   0103              ; --- STRINGS                   ----------------------------------------
 49   0103
 50   0103
 51   0103 52 65 71 75  ENODOS2      DEFM    "Requires MSX-DOS 2 or Nextor.$"
 51   0107 69 72 65 73
 51   010B 20 4D 53 58
 51   010F 2D 44 4F 53
 51   0113 20 32 20 6F
 51   0117 72 20 4E 65
 51   011B 78 74 6F 72
 51   011F 2E 24
 52   0121 4E 6F 20 6D  ENOMAP       DEFM    "No mapper manager found.$"
 52   0125 61 70 70 65
 52   0129 72 20 6D 61
 52   012D 6E 61 67 65
 52   0131 72 20 66 6F
 52   0135 75 6E 64 2E
 52   0139 24
 53   013A
 54   013A
 55   013A              ; --- MODULE INCLUDES           ----------------------------------------
 56   013A
 57   013A
 58   013A                              INCLUDE BDOS.Z8A
# file opened: BDOS.Z8A
  1+  013A              ;                                       ****************************************
  2+  013A              ;                                       * BDOS                                 *
  3+  013A              ;                                       ****************************************
  4+  013A
  5+  013A
  6+  013A
  7+  013A              ; --- BDOS ENTRY  / VERSION             ----------------------------------------
  8+  013A
  9+  013A
 10+  013A              ; - BDOS -------------
 11+  013A              ; - CALL BDOS ENTRY
 12+  013A              ; - CY = 1 ERROR
 13+  013A              ; -
 14+  013A
 15+  013A F5           BDOS            PUSH    AF
 16+  013B AF                           XOR     A
 17+  013C 32 5C 1B                     LD      (UNAPISET),A
 18+  013F F1                           POP     AF
 19+  0140 CD 05 00                     CALL    DOS
 20+  0143 A7                           AND     A
 21+  0144 C8                           RET     Z
 22+  0145 37                           SCF
 23+  0146 C9                           RET
 24+  0147
 25+  0147
 26+  0147
 27+  0147              ; - DOSVER -----------
 28+  0147              ; - GET DOS VERSION
 29+  0147              ; -
 30+  0147
 31+  0147 AF           DOSVER          XOR     A
 32+  0148 32 5B 1B                     LD      (DOS2),A
 33+  014B 0E 6F                        LD      C,_DOSVER
 34+  014D CD 3A 01                     CALL    BDOS
 35+  0150 78                           LD      A,B
 36+  0151 FE 02                        CP      2
 37+  0153 D8                           RET     C
 38+  0154 3E FF                        LD      A,#FF
 39+  0156 32 5B 1B                     LD      (DOS2),A
 40+  0159 C9                           RET
 41+  015A
 42+  015A
 43+  015A
 44+  015A
 45+  015A              ; --- FILE (OPEN / READ / WRITE)        ----------------------------------------
 46+  015A
 47+  015A
 48+  015A                              ; -
 49+  015A                              ; - DOS 1
 50+  015A                              ; -
 51+  015A
 52+  015A
 53+  015A              ; - BUILDFCB ---------
 54+  015A              ; - CLEAN FCB
 55+  015A              ; - AND COPY FILENAME
 56+  015A              ; - HL: FILENAME
 57+  015A
 58+  015A E5           BUILDFCB        PUSH    HL
 59+  015B 21 B1 1B                     LD      HL,FCB
 60+  015E 11 B2 1B                     LD      DE,FCB + 1
 61+  0161 01 24 00                     LD      BC,36
 62+  0164 36 00                        LD      (HL),0
 63+  0166 ED B0                        LDIR
 64+  0168 21 B2 1B                     LD     HL,FCB + FFILNAME
 65+  016B 11 B3 1B                     LD     DE,FCB + FFILNAME + 1
 66+  016E 01 0A 00                     LD     BC,10
 67+  0171 36 20                        LD     (HL),' '
 68+  0173 ED B0                        LDIR
 69+  0175 E1                           POP     HL
 70+  0176
 71+  0176 11 B2 1B                     LD      DE,FCB + FFILNAME
 72+  0179
 73+  0179 7E           .NAME           LD      A,(HL)
 74+  017A 23                           INC     HL
 75+  017B A7                           AND     A
 76+  017C 28 14                        JR      Z,.END
 77+  017E FE 2E                        CP      '.'
 78+  0180 28 04                        JR      Z,.PEXT
 79+  0182 12                           LD      (DE),A
 80+  0183 13                           INC     DE
 81+  0184 18 F3                        JR      .NAME
 82+  0186
 83+  0186 11 BA 1B     .PEXT           LD      DE,FCB + FFILEXT
 84+  0189 7E           .EXT            LD      A,(HL)
 85+  018A 23                           INC     HL
 86+  018B A7                           AND     A
 87+  018C 28 04                        JR      Z,.END
 88+  018E 12                           LD      (DE),A
 89+  018F 13                           INC     DE
 90+  0190 18 F7                        JR      .EXT
 91+  0192
 92+  0192
 93+  0192 C9           .END            RET
 94+  0193
 95+  0193
 96+  0193              ; - FOPEN ------------
 97+  0193              ; - FILE FCB OPEN
 98+  0193              ; - OUTPUT:
 99+  0193              ; -     DEHL: FILE SIZE
100+  0193              ; -
101+  0193
102+  0193 11 B1 1B     FOPEN           LD      DE,FCB
103+  0196 0E 0F                        LD      C,_FOPEN
104+  0198 CD 3A 01                     CALL    BDOS
105+  019B D8                           RET     C
106+  019C DD 21 B1 1B                  LD      IX,FCB
107+  01A0 3E 01                        LD      A,1
108+  01A2 DD 77 0E                     LD      (IX + 14),A
109+  01A5 AF                           XOR     A
110+  01A6 DD 77 0F                     LD      (IX + 15),A
111+  01A9 DD 77 21                     LD      (IX + 33),A
112+  01AC DD 77 22                     LD      (IX + 34),A
113+  01AF DD 77 23                     LD      (IX + 35),A
114+  01B2 DD 77 24                     LD      (IX + 36),A
115+  01B5 2A C1 1B                     LD      HL,(FCB + FFILSIZ)
116+  01B8 ED 5B C3 1B                  LD      DE,(FCB + FFILSIZ + 2)
117+  01BC C9                           RET
118+  01BD
119+  01BD
120+  01BD              ; - FMAKE ------------
121+  01BD              ; - FILE MAKE
122+  01BD              ; - CREATES FCB FILE
123+  01BD              ; -
124+  01BD
125+  01BD
126+  01BD 11 B1 1B     FMAKE           LD      DE,FCB
127+  01C0 0E 16                        LD      C,_FMAKE
128+  01C2 CD 3A 01                     CALL    BDOS
129+  01C5 D8                           RET     C
130+  01C6 DD 21 B1 1B                  LD      IX,FCB
131+  01CA 3E 01                        LD      A,1
132+  01CC DD 77 0E                     LD      (IX + 14),A
133+  01CF AF                           XOR     A
134+  01D0 DD 77 0F                     LD      (IX + 15),A
135+  01D3 DD 77 21                     LD      (IX + 33),A
136+  01D6 DD 77 22                     LD      (IX + 34),A
137+  01D9 DD 77 23                     LD      (IX + 35),A
138+  01DC DD 77 24                     LD      (IX + 36),A
139+  01DF C9                           RET
140+  01E0
141+  01E0              ; - FSEEK ------------
142+  01E0              ; - FILE SEEK FCB
143+  01E0              ; - DEHL: OFFSET
144+  01E0              ; -
145+  01E0
146+  01E0 DD 21 B1 1B  FSEEK           LD      IX,FCB
147+  01E4 DD 75 21                     LD      (IX + 33),L
148+  01E7 DD 74 22                     LD      (IX + 34),H
149+  01EA DD 73 23                     LD      (IX + 35),E
150+  01ED DD 72 24                     LD      (IX + 36),D
151+  01F0 C9                           RET
152+  01F1
153+  01F1
154+  01F1              ; - RDBLK ------------
155+  01F1              ; - READ FCB BLOCK BYTES
156+  01F1              ; - TO DMA
157+  01F1              ; - HL: BYTES TO READ
158+  01F1              ; -
159+  01F1
160+  01F1
161+  01F1 11 B1 1B     RDBLK           LD      DE,FCB
162+  01F4 0E 27                        LD      C,_RDBLK
163+  01F6 C3 3A 01                     JP      BDOS
164+  01F9
165+  01F9
166+  01F9              ; - WRBLK ------------
167+  01F9              ; - WRITE FCB BLOCK BYTES
168+  01F9              ; - FROM DMA
169+  01F9              ; - HL: BYTES TO WRITE
170+  01F9              ; -
171+  01F9
172+  01F9
173+  01F9 11 B1 1B     WRBLK           LD      DE,FCB
174+  01FC 0E 26                        LD      C,_WRBLK
175+  01FE C3 3A 01                     JP      BDOS
176+  0201
177+  0201
178+  0201              ; - FCLOSE -----------
179+  0201              ; - FCB CLOSE FILE
180+  0201              ; -
181+  0201
182+  0201 11 B1 1B     FCLOSE          LD      DE,FCB
183+  0204 0E 10                        LD      C,_FCLOSE
184+  0206 C3 3A 01                     JP      BDOS
185+  0209
186+  0209
187+  0209
188+  0209              ; - FDEL -------------
189+  0209              ; - FCB DELETE FILE
190+  0209              ; -
191+  0209
192+  0209 11 B1 1B     FDEL            LD      DE,FCB
193+  020C 0E 13                        LD      C,_FDEL
194+  020E C3 3A 01                     JP      BDOS
195+  0211
196+  0211
197+  0211              ; - SETDMA -----------
198+  0211              ; - DE: DMA
199+  0211              ; -
200+  0211
201+  0211 0E 1A        SETDMA          LD      C,_SETDTA
202+  0213 C3 3A 01                     JP      BDOS
203+  0216
204+  0216
205+  0216
206+  0216              ; - GETREM -----------
207+  0216              ; - GET REMAINING SIZE
208+  0216              ; - OPENED FCB
209+  0216              ; - OUTPUT:
210+  0216              ; -     DE:HL REM. SIZE
211+  0216              ; -
212+  0216
213+  0216 2A C1 1B     GETREM          LD      HL,(FCB + FFILSIZ)
214+  0219 ED 5B D2 1B                  LD      DE,(FCB + FRNDREC)
215+  021D A7                           AND     A
216+  021E ED 52                        SBC     HL,DE
217+  0220 EB                           EX      DE,HL
218+  0221 2A C3 1B                     LD      HL,(FCB + FFILSIZ + 2)
219+  0224 ED 4B D4 1B                  LD      BC,(FCB + FRNDREC + 2)
220+  0228 ED 42                        SBC     HL,BC
221+  022A EB                           EX      DE,HL
222+  022B C9                           RET
223+  022C
224+  022C
225+  022C              ; - GETMAXSZ ------------
226+  022C              ; - HL: SIZE TO READ
227+  022C              ; - OUTPUT: MAX SIZE
228+  022C              ; -
229+  022C
230+  022C E5           GETMAXSZ        PUSH    HL
231+  022D CD 16 02                     CALL    GETREM
232+  0230 7A           .GEN            LD      A,D
233+  0231 B3                           OR      E
234+  0232 EB                           EX      DE,HL
235+  0233 E1                           POP     HL
236+  0234 C0                           RET     NZ                      ; > 64K
237+  0235
238+  0235                              ; HL SIZE
239+  0235                              ; DE LOW CURRENT
240+  0235
241+  0235 EB                           EX      DE,HL
242+  0236
243+  0236                              ; HL CURRENT (LOW)
244+  0236                              ; DE SIZE
245+  0236
246+  0236 CD 71 04                     CALL    CMPHLDE
247+  0239 D8                           RET     C                       ; SIZE > CURRENT
248+  023A                                                              ; RETURN CURRENT
249+  023A EB                           EX      DE,HL                   ; ELSE RETURN SIZE
250+  023B C9                           RET
251+  023C
252+  023C
253+  023C
254+  023C
255+  023C
256+  023C                              ; -
257+  023C                              ; - DOS 2
258+  023C                              ; -
259+  023C
260+  023C
261+  023C              ; - DSEEK ------------
262+  023C              ; - DOS 2 SEEK
263+  023C              ; - B: FILE HANDLE
264+  023C              ; - DEHL: OFFSET
265+  023C              ; -
266+  023C
267+  023C AF           DSEEK           XOR     A
268+  023D 0E 4A        .GEN            LD      C,_SEEK
269+  023F C3 3A 01                     JP      BDOS
270+  0242
271+  0242
272+  0242              ; - DOPEN ------------
273+  0242              ; - DOS 2 OPEN FILE
274+  0242              ; - HL: FILENAME (ASCIIZ)
275+  0242              ; - OUTPUT:
276+  0242              ; -     A: FILE HANDLE
277+  0242              ; -     DEHL: FILE SIZE
278+  0242              ; -
279+  0242
280+  0242 EB           DOPEN           EX      DE,HL
281+  0243 AF                           XOR     A
282+  0244 0E 43                        LD      C,_OPEN
283+  0246 CD 3A 01                     CALL    BDOS
284+  0249 D8                           RET     C
285+  024A C5                           PUSH    BC
286+  024B 21 00 00                     LD      HL,0
287+  024E 11 00 00                     LD      DE,0
288+  0251 3E 02                        LD      A,2             ; RELATIVE END OF FILE
289+  0253 CD 3D 02                     CALL    DSEEK.GEN
290+  0256 C1                           POP     BC
291+  0257 C5                           PUSH    BC
292+  0258 E5                           PUSH    HL
293+  0259 D5                           PUSH    DE
294+  025A 21 00 00                     LD      HL,0
295+  025D 11 00 00                     LD      DE,0
296+  0260 CD 3C 02                     CALL    DSEEK
297+  0263 D1                           POP     DE
298+  0264 E1                           POP     HL
299+  0265 F1                           POP     AF
300+  0266 A7                           AND     A
301+  0267 C9                           RET
302+  0268
303+  0268
304+  0268
305+  0268              ; - DCLOSE  ----------
306+  0268              ; - DOS2 CLOSE #F
307+  0268              ; - B: #F
308+  0268              ; -
309+  0268
310+  0268 0E 45        DCLOSE          LD      C,_CLOSE
311+  026A C3 3A 01                     JP      BDOS
312+  026D
313+  026D
314+  026D
315+  026D              ; - DREAD ------------
316+  026D              ; - DOS2 READ BYTES FROM #F
317+  026D              ; - B: #F
318+  026D              ; - HL: BYTES TO READ
319+  026D              ; - DE: BUFFER ADDRESS
320+  026D              ; -
321+  026D
322+  026D 0E 48        DREAD           LD      C,_READ
323+  026F C3 3A 01                     JP      BDOS
324+  0272
325+  0272
326+  0272              ; - DWRITE -----------
327+  0272              ; - DOS2 WRITE BYTES TO #F
328+  0272              ; - B: #F
329+  0272              ; - HL: BYTES TO WRITE
330+  0272              ; - DE: FROM BUFFER ADDRESS
331+  0272              ; -
332+  0272
333+  0272 0E 49        DWRITE          LD      C,_WRITE
334+  0274 C3 3A 01                     JP      BDOS
335+  0277
336+  0277
337+  0277
338+  0277              ; - DCREATE ----------
339+  0277              ; - DOS2 CREATE FILE
340+  0277              ; - HL: FILENAME ASCIIZ
341+  0277              ; - OUTPUT:
342+  0277              ; -     A: #F
343+  0277              ; -
344+  0277
345+  0277 EB           DCREATE         EX      DE,HL
346+  0278 AF                           XOR     A
347+  0279 0E 44                        LD      C,_CREATE
348+  027B CD 3A 01                     CALL    BDOS
349+  027E 78                           LD      A,B
350+  027F C9                           RET
351+  0280
352+  0280
353+  0280              ; - DDEL -------------
354+  0280              ; - DOS2 DELETE FILE
355+  0280              ; - HL: FILENAME ASCIIZ
356+  0280              ; -
357+  0280
358+  0280 EB           DDEL            EX      DE,HL
359+  0281 0E 4D                        LD      C,_DELETE
360+  0283 C3 3A 01                     JP      BDOS
361+  0286
362+  0286
363+  0286              ; - DGETREM ----------
364+  0286              ; - GET REMAINING SIZE
365+  0286              ; - B: OPENED #F
366+  0286              ; - OUTPUT:
367+  0286              ; -     DE:HL REM. SIZE
368+  0286              ; -
369+  0286
370+  0286 11 00 00     DGETREM         LD      DE,0
371+  0289 21 00 00                     LD      HL,0
372+  028C 3E 01                        LD      A,1
373+  028E C5                           PUSH    BC
374+  028F CD 3D 02                     CALL    DSEEK.GEN
375+  0292 C1                           POP     BC
376+  0293
377+  0293 E5                           PUSH    HL
378+  0294 D5                           PUSH    DE
379+  0295 11 00 00                     LD      DE,0
380+  0298 21 00 00                     LD      HL,0
381+  029B C5                           PUSH    BC
382+  029C 3E 02                        LD      A,2
383+  029E CD 3D 02                     CALL    DSEEK.GEN
384+  02A1 C1                           POP     BC
385+  02A2 22 AD 1B                     LD      (FSIZETMP),HL
386+  02A5 ED 53 AF 1B                  LD      (FSIZETMP + 2),DE
387+  02A9 D1                           POP     DE
388+  02AA E1                           POP     HL
389+  02AB
390+  02AB D5                           PUSH    DE
391+  02AC E5                           PUSH    HL
392+  02AD CD 3C 02                     CALL    DSEEK
393+  02B0 2A AD 1B                     LD      HL,(FSIZETMP)
394+  02B3 D1                           POP     DE
395+  02B4 A7                           AND     A
396+  02B5 ED 52                        SBC     HL,DE
397+  02B7 EB                           EX      DE,HL
398+  02B8 C1                           POP     BC
399+  02B9 2A AF 1B                     LD      HL,(FSIZETMP + 2)
400+  02BC ED 42                        SBC     HL,BC
401+  02BE EB                           EX      DE,HL
402+  02BF C9                           RET
403+  02C0
404+  02C0
405+  02C0
406+  02C0
407+  02C0
408+  02C0              ; - DGETMAX -----------
409+  02C0              ; - B: #F
410+  02C0              ; - HL: SIZE TO READ
411+  02C0              ; - OUTPUT:
412+  02C0              ; -     HL: MAX SIZE
413+  02C0              ; -
414+  02C0
415+  02C0 E5           DGETMAX         PUSH    HL
416+  02C1 CD 86 02                     CALL    DGETREM
417+  02C4 C3 30 02                     JP      GETMAXSZ.GEN
418+  02C7
419+  02C7
420+  02C7                              ; -
421+  02C7                              ; - COMPATIBLE DOS 1 / DOS 2
422+  02C7                              ; - "HIGH" LEVEL ROUTINES
423+  02C7                              ; -
424+  02C7
425+  02C7              ; - DSKCREATE --------
426+  02C7              ; - CREATE FILE
427+  02C7              ; - HL: FILENAMEZ
428+  02C7              ; - OUTPUT:
429+  02C7              ; -     A: FILEHANDLE
430+  02C7              ; -
431+  02C7
432+  02C7 3A 5B 1B     DSKCREAT       LD      A,(DOS2)
433+  02CA A7                           AND     A
434+  02CB C2 77 02                     JP      NZ,DCREATE
435+  02CE
436+  02CE                              ; DOS 1
437+  02CE
438+  02CE CD 5A 01                     CALL    BUILDFCB
439+  02D1 CD BD 01                     CALL    FMAKE
440+  02D4 D8                           RET     C
441+  02D5 3E 01                        LD      A,1 ; FAKE #F
442+  02D7 C9                           RET
443+  02D8
444+  02D8
445+  02D8
446+  02D8              ; - DSKOPEN ----------
447+  02D8              ; - OPEN FILE
448+  02D8              ; - HL: FILENAME (ASCIIZ)
449+  02D8              ; - OUTPUT:
450+  02D8              ; -    A: FILEHANDLE
451+  02D8              ; -    DEHL: FILE SIZE
452+  02D8              ; -
453+  02D8
454+  02D8 3A 5B 1B     DSKOPEN         LD      A,(DOS2)
455+  02DB A7                           AND     A
456+  02DC C2 42 02                     JP      NZ,DOPEN
457+  02DF
458+  02DF                              ; DOS 1
459+  02DF
460+  02DF CD 5A 01                     CALL    BUILDFCB
461+  02E2 CD 93 01                     CALL    FOPEN
462+  02E5 D8                           RET     C
463+  02E6 3E 01                        LD      A,1 ; FAKE #F
464+  02E8 C9                           RET
465+  02E9
466+  02E9
467+  02E9
468+  02E9              ; - DSKCLOSE ---------
469+  02E9              ; - FCB/#F FILE CLOSE
470+  02E9              ; - A: #F
471+  02E9              ; -
472+  02E9
473+  02E9 47           DSKCLOSE        LD      B,A
474+  02EA 3A 5B 1B                     LD      A,(DOS2)
475+  02ED A7                           AND     A
476+  02EE C2 68 02                     JP      NZ,DCLOSE
477+  02F1 C3 01 02                     JP      FCLOSE
478+  02F4
479+  02F4
480+  02F4
481+  02F4              ; - DSKREAD -----------
482+  02F4              ; - A: #F
483+  02F4              ; - HL: BYTES TO READ
484+  02F4              ; - DE: BUFFER ADDRESS
485+  02F4              ; - (FROM LAST POINTER)
486+  02F4              ; - OUTPUT:
487+  02F4              ; -     HL: BYTES READ
488+  02F4              ; -
489+  02F4
490+  02F4 47           DSKREAD         LD      B,A
491+  02F5 3A 5B 1B                     LD      A,(DOS2)
492+  02F8 A7                           AND     A
493+  02F9 C2 6D 02                     JP      NZ,DREAD
494+  02FC E5                           PUSH    HL
495+  02FD CD 11 02                     CALL    SETDMA
496+  0300 E1                           POP     HL
497+  0301 CD 2C 02                     CALL    GETMAXSZ
498+  0304 C3 F1 01                     JP      RDBLK
499+  0307
500+  0307
501+  0307              ; - DSKWRITE -----------
502+  0307              ; - A: #F
503+  0307              ; - HL: BYTES TO WRITE
504+  0307              ; - DE: FROM BUFFER ADRESS
505+  0307              ; - (TO LAST POINTER)
506+  0307              ; -
507+  0307
508+  0307 47           DSKWRITE        LD      B,A
509+  0308 3A 5B 1B                     LD      A,(DOS2)
510+  030B A7                           AND     A
511+  030C C2 72 02                     JP      NZ,DWRITE
512+  030F E5                           PUSH    HL
513+  0310 CD 11 02                     CALL    SETDMA
514+  0313 E1                           POP     HL
515+  0314 C3 F9 01                     JP      WRBLK
516+  0317
517+  0317
518+  0317              ; - DSKSEEK ----------
519+  0317              ; - A: #F
520+  0317              ; - DEHL: POINTER
521+  0317              ; -
522+  0317
523+  0317 47           DSKSEEK         LD      B,A
524+  0318 3A 5B 1B                     LD      A,(DOS2)
525+  031B A7                           AND     A
526+  031C C2 3C 02                     JP      NZ,DSEEK
527+  031F C3 E0 01                     JP      FSEEK
528+  0322
529+  0322
530+  0322
531+  0322              ; - DSKDEL -----------
532+  0322              ; - DELETE FILE
533+  0322              ; - HL: FILENAMEZ
534+  0322              ; -
535+  0322
536+  0322 3A 5B 1B     DSKDEL          LD      A,(DOS2)
537+  0325 A7                           AND     A
538+  0326 C2 80 02                     JP      NZ,DDEL
539+  0329
540+  0329                              ; DOS 1
541+  0329
542+  0329 CD 5A 01                     CALL    BUILDFCB
543+  032C C3 09 02                     JP      FDEL
544+  032F
545+  032F
546+  032F              ; - DSKGETRE ---------
547+  032F              ; - GET REMAINING SIZE
548+  032F              ; - OF OPENED FILE
549+  032F              ; - A: #F
550+  032F              ; - OUTPUT:
551+  032F              ; -     DEHL: REM. SIZE
552+  032F              ; -
553+  032F
554+  032F 47           DSKGETRE        LD      B,A
555+  0330 3A 5B 1B                     LD      A,(DOS2)
556+  0333 A7                           AND     A
557+  0334 C2 86 02                     JP      NZ,DGETREM
558+  0337 C3 16 02                     JP      GETREM
559+  033A
560+  033A
561+  033A              ; - DSKGETMA -------
562+  033A              ; - GET MAX SIZE
563+  033A              ; - HL: SIZE TO READ
564+  033A              ; - A: #F
565+  033A              ; - OUTPUT: MAX SIZE
566+  033A              ; -
567+  033A
568+  033A 47           DSKGETMA        LD      B,A
569+  033B 3A 5B 1B                     LD      A,(DOS2)
570+  033E A7                           AND     A
571+  033F C2 C0 02                     JP      NZ,DGETMAX
572+  0342 C3 2C 02                     JP      GETMAXSZ
573+  0345
574+  0345
575+  0345
576+  0345
577+  0345              ; --- PRINT / OUTPUT                    ----------------------------------------
578+  0345
579+  0345
580+  0345              ; - STROUT -----------
581+  0345              ; - DE: POINTER TO $-FINISHED STRING
582+  0345              ; -
583+  0345
584+  0345 0E 09        STROUT          LD      C,_STROUT
585+  0347 C3 05 00                     JP      DOS
586+  034A
587+  034A
588+  034A              ; --- ERROR / EXIT                      ---------------------------------------
589+  034A
590+  034A
591+  034A              ; - STREXIT ----------
592+  034A              ; - EXIT WITH MESSAGE
593+  034A              ; - DE: POINTER TO STRING
594+  034A              ; -
595+  034A
596+  034A CD 45 03     STREXIT         CALL    STROUT
597+  034D
598+  034D
599+  034D              ; - TERM -------------
600+  034D              ; - TERMINATE PROGRAM
601+  034D              ; -
602+  034D
603+  034D              TERM            ; RESTORE MAPPER SEGMENTS IF INITIALIZED
604+  034D 3A 5D 1B                     LD      A, (MAPRDY)
605+  0350 A7                           AND     A
606+  0351 28 0C                        JR      Z, .NOMAPRES
607+  0353 3A 61 1B                     LD      A, (DEFSEG1)
608+  0356 CD B4 10                     CALL    PUTP1
609+  0359 3A 62 1B                     LD      A, (DEFSEG2)
610+  035C CD C2 10                     CALL    PUTP2
611+  035F
612+  035F              .NOMAPRES       ; RESTORE SCREEN IF INITIALIZED
613+  035F 3A 5E 1B                     LD      A, (SCRRDY)
614+  0362 A7                           AND     A
615+  0363 28 14                        JR      Z, .NOSCRRES
616+  0365 AF                           XOR     A
617+  0366 DD 21 5F 00                  LD      IX, CHGMOD
618+  036A CD 53 04                     CALL    BIOSCALL
619+  036D DD 21 CF 00                  LD      IX, DSPFNK
620+  0371 CD 53 04                     CALL    BIOSCALL
621+  0374 3E 01                        LD      A, 1
622+  0376 32 DB F3                     LD      (CLIKSW), A
623+  0379
624+  0379              .NOSCRRES       ; RESTORE ORIGINAL STACK POINTER
625+  0379 2A 5F 1B                     LD      HL, (SAVESP)
626+  037C 7C                           LD      A, H
627+  037D B5                           OR      L
628+  037E 28 01                        JR      Z, .NOSTKRES
629+  0380 F9                           LD      SP, HL
630+  0381
631+  0381 3A 5B 1B     .NOSTKRES       LD      A, (DOS2)
632+  0384 A7                           AND     A
633+  0385 28 07                        JR      Z, .TERM0
634+  0387 06 00                        LD      B, 0
635+  0389 0E 62                        LD      C, _TERM
636+  038B C3 05 00                     JP      DOS
637+  038E
638+  038E 0E 00        .TERM0          LD      C, _TERM0
639+  0390 C3 05 00                     JP      DOS
640+  0393
641+  0393
642+  0393
643+  0393              ;                                       ****************************************
644+  0393              ;                                       * BDOS RELATED                         *
645+  0393              ;                                       ****************************************
646+  0393
647+  0393
648+  0393              ; --- FILENAME / PATH                   ---------------------------------------
649+  0393
650+  0393
651+  0393              ; - GETNDFN ---------
652+  0393              ; - GET NOT DIR FILENAME
653+  0393              ; - HL: FILENAMEZ PATH
654+  0393              ; - DE: FILENAMEZ WITHOUT PATH
655+  0393              ; -
656+  0393
657+  0393 AF           GETNDFN         XOR     A
658+  0394 12                           LD      (DE),A
659+  0395 CD E2 05                     CALL    STRTAIL
660+  0398 78                           LD      A,B
661+  0399 B1                           OR      C
662+  039A C8                           RET     Z
663+  039B D5                           PUSH    DE
664+  039C 7E           .LOOP           LD      A,(HL)
665+  039D FE 5C                        CP      '\'
666+  039F 28 0E                        JR      Z,.END
667+  03A1 FE 3A                        CP      ':'
668+  03A3 28 0A                        JR      Z,.END
669+  03A5 FE 2F                        CP      '/'
670+  03A7 28 06                        JR      Z,.END
671+  03A9 2B                           DEC     HL
672+  03AA 0B                           DEC     BC
673+  03AB 78                           LD      A,B
674+  03AC B1                           OR      C
675+  03AD 20 ED                        JR      NZ,.LOOP
676+  03AF 23           .END            INC     HL
677+  03B0 D1                           POP     DE
678+  03B1 7E           .COPY           LD      A,(HL)
679+  03B2 12                           LD      (DE),A
680+  03B3 23                           INC     HL
681+  03B4 13                           INC     DE
682+  03B5 A7                           AND     A
683+  03B6 20 F9                        JR      NZ,.COPY
684+  03B8 C9                           RET
685+  03B9
686+  03B9
687+  03B9              ; - TODOSFN ----------
688+  03B9              ; - CONVERTS FILENAME
689+  03B9              ; - TO DOS (8.3) FILENAME
690+  03B9              ; - HL: FILENAME
691+  03B9              ; - DE: OUTPUT BUFFER (ASCIIZ)
692+  03B9              ; -
693+  03B9              ; -
694+  03B9
695+  03B9
696+  03B9 CD BF 03     TODOSFN         CALL    .GEN
697+  03BC AF                           XOR     A
698+  03BD 12                           LD      (DE),A
699+  03BE C9                           RET
700+  03BF
701+  03BF
702+  03BF 06 08        .GEN            LD      B,8
703+  03C1
704+  03C1                              ; GET NAME
705+  03C1
706+  03C1 7E           .NAME           LD      A,(HL)
707+  03C2 23                           INC     HL
708+  03C3 12                           LD      (DE),A
709+  03C4 13                           INC     DE
710+  03C5 A7                           AND     A
711+  03C6 C8                           RET     Z
712+  03C7 FE 2E                        CP      '.'
713+  03C9 CA D8 03                     JP      Z,.EXT
714+  03CC 10 F3                        DJNZ    .NAME
715+  03CE
716+  03CE                              ; CHECK IF . IS PRESENT
717+  03CE
718+  03CE 7E           .PERIOD         LD      A,(HL)
719+  03CF 23                           INC     HL
720+  03D0 A7                           AND     A
721+  03D1 C8                           RET     Z
722+  03D2 FE 2E                        CP      '.'
723+  03D4 20 F8                        JR      NZ,.PERIOD
724+  03D6
725+  03D6                              ; STORE PERIOD
726+  03D6
727+  03D6 12                           LD      (DE),A
728+  03D7 13                           INC     DE
729+  03D8
730+  03D8                              ; GETS EXTENSION
731+  03D8
732+  03D8 06 03        .EXT            LD      B,3
733+  03DA 7E           .EXTLOOP        LD      A,(HL)
734+  03DB 23                           INC     HL
735+  03DC 12                           LD      (DE),A
736+  03DD 13                           INC     DE
737+  03DE A7                           AND     A
738+  03DF C8                           RET     Z
739+  03E0 10 F8                        DJNZ    .EXTLOOP
740+  03E2 C9                           RET
741+  03E3
742+  03E3
743+  03E3
744+  03E3
745+  03E3              ; --- PARAMS                            ---------------------------------------
746+  03E3
747+  03E3
748+  03E3
749+  03E3              ; - EXTPARM ----------
750+  03E3              ; - EXTRACT PARAMS
751+  03E3              ; - CY = 1 NO PARAMS
752+  03E3              ; - HL: BUFFER
753+  03E3              ; - OUTPUT STRUCT:
754+  03E3              ;       + 0 : PARAMS SIZE
755+  03E3              ;       + 1 : PNT PARAM 0
756+  03E3              ;       + 4 : PNT PARAM 1
757+  03E3              ;       ...
758+  03E3
759+  03E3 3A 80 00     EXTPARM         LD      A,(#80)
760+  03E6 A7                           AND     A
761+  03E7 37                           SCF
762+  03E8 C8                           RET     Z
763+  03E9
764+  03E9                              ; IX COUNTER
765+  03E9
766+  03E9 E5                           PUSH    HL
767+  03EA DD E1                        POP     IX
768+  03EC DD 23                        INC     IX
769+  03EE D9                           EXX
770+  03EF
771+  03EF                              ; MARK END
772+  03EF
773+  03EF
774+  03EF 4F                           LD      C,A
775+  03F0 06 00                        LD      B,0
776+  03F2 21 81 00                     LD      HL,#81
777+  03F5 09                           ADD     HL,BC
778+  03F6 36 00                        LD      (HL),0
779+  03F8
780+  03F8                              ; COUNT PARAMS POINT PARAMS
781+  03F8
782+  03F8 21 81 00                     LD      HL,#81
783+  03FB 0E 00                        LD      C,0
784+  03FD 7E           .COUNT          LD      A,(HL)
785+  03FE A7                           AND     A
786+  03FF 28 1D                        JR      Z,.ENDCOUNT
787+  0401 FE 20                        CP      ' '
788+  0403 20 03                        JR      NZ,.ADDPAR
789+  0405 23                           INC     HL
790+  0406 18 F5                        JR      .COUNT
791+  0408
792+  0408 DD 75 00     .ADDPAR         LD      (IX + 0),L
793+  040B DD 74 01                     LD      (IX + 1),H
794+  040E DD 23                        INC     IX
795+  0410 DD 23                        INC     IX
796+  0412 0C                           INC     C
797+  0413
798+  0413                              ; INC UNTIL NEXT PARAM (OR END)
799+  0413
800+  0413 7E           .NEXT           LD      A,(HL)
801+  0414 FE 20                        CP      ' '
802+  0416 28 E5                        JR      Z,.COUNT
803+  0418 A7                           AND     A
804+  0419 28 03                        JR      Z,.ENDCOUNT
805+  041B 23                           INC     HL
806+  041C 18 F5                        JR      .NEXT
807+  041E
808+  041E 79           .ENDCOUNT       LD      A,C
809+  041F D9                           EXX
810+  0420 77                           LD      (HL),A
811+  0421 A7                           AND     A
812+  0422 C0                           RET     NZ
813+  0423 37                           SCF
814+  0424 C9                           RET
815+  0425
816+  0425
817+  0425              ; - GETPARAM ---------
818+  0425              ; - GET PARAMETER FROM BUFFER
819+  0425              ; - A: NUMBER (0 1ST, 1 2ND..)
820+  0425              ; - HL: BUFFER
821+  0425              ; - DE: DEST
822+  0425              ; - OUTPUT:
823+  0425              ; - CY = 1 ERROR
824+  0425              ; -     DE: COPY OF PARAM (IF DE != 0)
825+  0425              ; -     HL: POINTER TO PARAM
826+  0425              ; -     C: SIZE
827+  0425              ; -
828+  0425
829+  0425 BE           GETPARAM        CP      (HL)
830+  0426 C8                           RET     Z
831+  0427 3F                           CCF
832+  0428 D8                           RET     C
833+  0429 23                           INC     HL
834+  042A CD 2E 06                     CALL    ADDHLPNT
835+  042D
836+  042D                              ; CHECK MOVE OR COUNT
837+  042D
838+  042D 7A                           LD      A,D
839+  042E B3                           OR      E
840+  042F 0E 00                        LD      C,0
841+  0431 20 0D                        JR      NZ,.MOVE
842+  0433
843+  0433                              ; JUST COUNT
844+  0433
845+  0433 E5                           PUSH    HL
846+  0434 7E           .COUNT          LD      A,(HL)
847+  0435 23                           INC     HL
848+  0436 A7                           AND     A
849+  0437 28 18                        JR      Z,.ENDCNT
850+  0439 FE 20                        CP      ' '
851+  043B 28 14                        JR      Z,.ENDCNT
852+  043D 0C                           INC     C
853+  043E 18 F4                        JR      .COUNT
854+  0440
855+  0440                              ; MOVE DATA
856+  0440
857+  0440 E5           .MOVE           PUSH    HL
858+  0441 7E           .COPY           LD      A,(HL)
859+  0442 23                           INC     HL
860+  0443 A7                           AND     A
861+  0444 28 09                        JR      Z,.END
862+  0446 FE 20                        CP      ' '
863+  0448 28 05                        JR      Z,.END
864+  044A 12                           LD      (DE),A
865+  044B 13                           INC     DE
866+  044C 0C                           INC     C
867+  044D 18 F2                        JR      .COPY
868+  044F
869+  044F
870+  044F                              ; ASCIIZ END
871+  044F
872+  044F AF           .END            XOR     A
873+  0450 12                           LD      (DE),A
874+  0451
875+  0451 E1           .ENDCNT         POP     HL
876+  0452 C9                           RET
877+  0453
878+  0453
# file closed: BDOS.Z8A
 59   0453                              INCLUDE GENERIC.Z8A
# file opened: GENERIC.Z8A
  1+  0453              ;                                       ****************************************
  2+  0453              ;                                       * GENERIC HELP ROUTINES                *
  3+  0453              ;                                       ****************************************
  4+  0453
  5+  0453
  6+  0453              ; --- BIOS RELATED                      ----------------------------------------
  7+  0453
  8+  0453
  9+  0453              ; - BIOSCALL ---------------------------
 10+  0453              ; - CALL MAIN BIOS ROUTINE VIA CALSLT
 11+  0453              ; - IN:  IX = BIOS ROUTINE ADDRESS
 12+  0453              ; -      REGISTERS AS EXPECTED BY BIOS ROUTINE
 13+  0453              ; - OUT: REGISTERS AS RETURNED BY BIOS ROUTINE
 14+  0453              ; - CLOBBERS: IY
 15+  0453              ; -
 16+  0453
 17+  0453 F5           BIOSCALL        PUSH    AF
 18+  0454 3A C1 FC                     LD      A, (EXPTBL)
 19+  0457 FD 67                        LD      IYH, A
 20+  0459 F1                           POP     AF
 21+  045A CD 1C 00                     CALL    CALSLT
 22+  045D FB                           EI
 23+  045E C9                           RET
 24+  045F
 25+  045F
 26+  045F              ; - DBGMSG -----------------------------
 27+  045F              ; - OUTPUT INLINE STRING TO OPENMSX DEBUGDEVICE (PORTS #2E/#2F)
 28+  045F              ; - USAGE: CALL DBGMSG; DEFM "TEXT", 10, 0
 29+  045F              ; - IN:  NONE
 30+  045F              ; - OUT: NONE
 31+  045F              ; - CLOBBERS: NONE
 32+  045F              ; -
 33+  045F
 34+  045F E3           DBGMSG          EX      (SP), HL
 35+  0460 F5                           PUSH    AF
 36+  0461 3E 63                        LD      A, #63
 37+  0463 D3 2E                        OUT     (#2E), A
 38+  0465 7E           .LOOP           LD      A, (HL)
 39+  0466 23                           INC     HL
 40+  0467 A7                           AND     A
 41+  0468 28 04                        JR      Z, .DONE
 42+  046A D3 2F                        OUT     (#2F), A
 43+  046C 18 F7                        JR      .LOOP
 44+  046E F1           .DONE           POP     AF
 45+  046F E3                           EX      (SP), HL
 46+  0470 C9                           RET
 47+  0471
 48+  0471
 49+  0471              ; - CMPHLDE ----------
 50+  0471              ; - COMPARE HL WITH DE
 51+  0471              ; - (RST 20)
 52+  0471              ; -
 53+  0471
 54+  0471 7C           CMPHLDE         LD      A,H
 55+  0472 92                           SUB     D
 56+  0473 C0                           RET     NZ
 57+  0474 7D                           LD      A,L
 58+  0475 93                           SUB     E
 59+  0476 C9                           RET
 60+  0477
 61+  0477
 62+  0477              ; - CMPHLBC ----------
 63+  0477              ; - COMPARE HL WITH BC
 64+  0477              ; -
 65+  0477
 66+  0477 7C           CMPHLBC         LD      A,H
 67+  0478 90                           SUB     B
 68+  0479 C0                           RET     NZ
 69+  047A 7D                           LD      A,L
 70+  047B 91                           SUB     C
 71+  047C C9                           RET
 72+  047D
 73+  047D              ; --- STRING                           ----------------------------------------
 74+  047D
 75+  047D
 76+  047D              ; COMBINED ROUTINE FOR CONVERSION OF DIFFERENT SIZED BINARY NUMBERS INTO
 77+  047D              ; DIRECTLY PRINTABLE ASCII(Z)-STRING
 78+  047D              ; INPUT VALUE IN REGISTERS, NUMBER SIZE AND -RELATED TO THAT- REGISTERS TO FILL
 79+  047D              ; IS SELECTED BY CALLING THE CORRECT ENTRY:
 80+  047D              ;
 81+  047D              ;  ENTRY  INPUTREGISTER(S)  DECIMAL VALUE 0 TO:
 82+  047D              ;   B2D8             A                    255  (3 DIGITS)
 83+  047D              ;   B2D16           HL                  65535   5   "
 84+  047D              ;   B2D24         E:HL               16777215   8   "
 85+  047D              ;   B2D32        DE:HL             4294967295  10   "
 86+  047D              ;   B2D48     BC:DE:HL        281474976710655  15   "
 87+  047D              ;   B2D64  IX:BC:DE:HL   18446744073709551615  20   "
 88+  047D              ;
 89+  047D              ; THE RESULTING STRING IS PLACED INTO A SMALL BUFFER ATTACHED TO THIS ROUTINE,
 90+  047D              ; THIS BUFFER NEEDS NO INITIALIZATION AND CAN BE MODIFIED AS DESIRED.
 91+  047D              ; THE NUMBER IS ALIGNED TO THE RIGHT, AND LEADING 0'S ARE REPLACED WITH SPACES.
 92+  047D              ; ON EXIT HL POINTS TO THE FIRST DIGIT, (B)C = NUMBER OF DECIMALS
 93+  047D              ; THIS WAY ANY RE-ALIGNMENT / POSTPROCESSING IS MADE EASY.
 94+  047D              ; CHANGES: AF,BC,DE,HL,IX
 95+  047D              ; P.S. SOME EXAMPLES BELOW
 96+  047D
 97+  047D              ; BY ALWIN HENSELER
 98+  047D
 99+  047D
100+  047D 26 00        B2D8            LD      H,0
101+  047F 6F                           LD      L,A
102+  0480 1E 00        B2D16           LD      E,0
103+  0482 16 00        B2D24           LD      D,0
104+  0484 01 00 00     B2D32           LD      BC,0
105+  0487 DD 21 00 00  B2D48           LD      IX,0            ; ZERO ALL NON-USED BITS
106+  048B 22 44 1E     B2D64           LD      (B2DINV),HL
107+  048E ED 53 46 1E                  LD      (B2DINV + 2),DE
108+  0492 ED 43 48 1E                  LD      (B2DINV + 4),BC
109+  0496 DD 22 4A 1E                  LD      (B2DINV + 6),IX ; PLACE FULL 64-BIT INPUT VALUE IN BUFFER
110+  049A 21 4C 1E                     LD      HL,B2DBUF
111+  049D 11 4D 1E                     LD      DE,B2DBUF + 1
112+  04A0 36 20                        LD      (HL)," "
113+  04A2              B2DFILC         EQU     $ - 1           ; ADDRESS OF FILL-CHARACTER
114+  04A2 01 12 00                     LD      BC,18
115+  04A5 ED B0                        LDIR                    ; FILL 1ST 19 BYTES OF BUFFER WITH SPACES
116+  04A7 ED 43 5F 1E                  LD      (B2DEND-1),BC   ; SET BCD VALUE TO "0" & PLACE TERMINATING 0
117+  04AB 1E 01                        LD      E,1             ; NO. OF BYTES IN BCD VALUE
118+  04AD 21 4C 1E                     LD      HL,B2DINV + 8   ; (ADDRESS MSB INPUT)+1
119+  04B0 01 09 09                     LD      BC,#0909
120+  04B3 AF                           XOR     A
121+  04B4 05           B2DSKP0         DEC     B
122+  04B5 28 29                        JR      Z,B2DSIZ        ; ALL 0: CONTINUE WITH POSTPROCESSING
123+  04B7 2B                           DEC     HL
124+  04B8 B6                           OR      (HL)            ; FIND FIRST BYTE <>0
125+  04B9 28 F9                        JR      Z,B2DSKP0
126+  04BB 0D           B2DFND1         DEC     C
127+  04BC 17                           RLA
128+  04BD 30 FC                        JR      NC,B2DFND1      ; DETERMINE NO. OF MOST SIGNIFICANT 1-BIT
129+  04BF 1F                           RRA
130+  04C0 57                           LD      D,A             ; BYTE FROM BINARY INPUT VALUE
131+  04C1 E5           B2DLUS2         PUSH    HL
132+  04C2 C5                           PUSH    BC
133+  04C3 21 5F 1E     B2DLUS1         LD      HL,B2DEND - 1   ; ADDRESS LSB OF BCD VALUE
134+  04C6 43                           LD      B,E             ; CURRENT LENGTH OF BCD VALUE IN BYTES
135+  04C7 CB 12                        RL      D               ; HIGHEST BIT FROM INPUT VALUE -> CARRY
136+  04C9 7E           B2DLUS0         LD      A,(HL)
137+  04CA 8F                           ADC     A,A
138+  04CB 27                           DAA
139+  04CC 77                           LD      (HL),A          ; DOUBLE 1 BCD BYTE FROM INTERMEDIATE RESULT
140+  04CD 2B                           DEC     HL
141+  04CE 10 F9                        DJNZ    B2DLUS0         ; AND GO ON TO DOUBLE ENTIRE BCD VALUE (+CARRY!)
142+  04D0 30 03                        JR      NC,B2DNXT
143+  04D2 1C                           INC     E               ; CARRY AT MSB -> BCD VALUE GREW 1 BYTE LARGER
144+  04D3 36 01                        LD      (HL),1          ; INITIALIZE NEW MSB OF BCD VALUE
145+  04D5 0D           B2DNXT          DEC     C
146+  04D6 20 EB                        JR      NZ,B2DLUS1      ; REPEAT FOR REMAINING BITS FROM 1 INPUT BYTE
147+  04D8 C1                           POP     BC              ; NO. OF REMAINING BYTES IN INPUT VALUE
148+  04D9 0E 08                        LD      C,8             ; RESET BIT-COUNTER
149+  04DB E1                           POP     HL              ; POINTER TO BYTE FROM INPUT VALUE
150+  04DC 2B                           DEC     HL
151+  04DD 56                           LD      D,(HL)          ; GET NEXT GROUP OF 8 BITS
152+  04DE 10 E1                        DJNZ    B2DLUS2         ; AND REPEAT UNTIL LAST BYTE FROM INPUT VALUE
153+  04E0 21 60 1E     B2DSIZ          LD      HL,B2DEND       ; ADDRESS OF TERMINATING 0
154+  04E3 4B                           LD      C,E             ; SIZE OF BCD VALUE IN BYTES
155+  04E4 B7                           OR      A
156+  04E5 ED 42                        SBC     HL,BC           ; CALCULATE ADDRESS OF MSB BCD
157+  04E7 54                           LD      D,H
158+  04E8 5D                           LD      E,L
159+  04E9 ED 42                        SBC     HL,BC
160+  04EB EB                           EX      DE,HL           ; HL=ADDRESS BCD VALUE, DE=START OF DECIMAL VALUE
161+  04EC 41                           LD      B,C             ; NO. OF BYTES BCD
162+  04ED CB 21                        SLA     C               ; NO. OF BYTES DECIMAL (POSSIBLY 1 TOO HIGH)
163+  04EF 3E 30                        LD      A,'0'
164+  04F1 ED 6F                        RLD                     ; SHIFT BITS 4-7 OF (HL) INTO BIT 0-3 OF A
165+  04F3 FE 30                        CP      '0'             ; (HL) WAS > #9?
166+  04F5 20 06                        JR      NZ,B2DEXPH      ; IF YES, START WITH RECORDING HIGH DIGIT
167+  04F7 0D                           DEC     C               ; CORRECT NUMBER OF DECIMALS
168+  04F8 13                           INC     DE              ; CORRECT START ADDRESS
169+  04F9 18 04                        JR      B2DEXPL         ; CONTINUE WITH CONVERTING LOW DIGIT
170+  04FB ED 6F        B2DEXP          RLD                     ; SHIFT HIGH DIGIT (HL) INTO LOW DIGIT OF A
171+  04FD 12           B2DEXPH         LD      (DE),A          ; RECORD RESULTING ASCII-CODE
172+  04FE 13                           INC     DE
173+  04FF ED 6F        B2DEXPL         RLD
174+  0501 12                           LD      (DE),A
175+  0502 13                           INC     DE
176+  0503 23                           INC     HL              ; NEXT BCD-BYTE
177+  0504 10 F5                        DJNZ    B2DEXP          ; AND GO ON TO CONVERT #EAC BCD-BYTE INTO 2 ASCII
178+  0506 ED 42                        SBC     HL,BC           ; RETURN WITH HL POINTING TO 1ST DECIMAL
179+  0508 C9                           RET
180+  0509
181+  0509
182+  0509              ; - STR2INTZ ---------
183+  0509              ; - 32 BITS ASCII TO BINARY
184+  0509              ; - HL: ASCIIZ NUMBER (OR ASCII + #20)
185+  0509              ; - OUTPUT:
186+  0509              ; -     DE:HL BINARY VALUE
187+  0509              ; -
188+  0509
189+  0509 D9           STR2INTZ        EXX
190+  050A 11 00 00                     LD      DE,#0000
191+  050D 21 00 00                     LD      HL,#0000
192+  0510 D9                           EXX
193+  0511
194+  0511 7E                           LD      A,(HL)
195+  0512 A7                           AND     A
196+  0513 CA 60 05                     JP      Z,.END
197+  0516 FE 20                        CP      ' '
198+  0518 CA 60 05                     JP      Z,.END
199+  051B D6 30                        SUB     '0'
200+  051D
201+  051D D9                           EXX
202+  051E 06 00                        LD      B,0
203+  0520 4F                           LD      C,A
204+  0521
205+  0521 09           .LOOP           ADD     HL,BC
206+  0522 EB                           EX      DE,HL
207+  0523 01 00 00                     LD      BC,0
208+  0526 ED 4A                        ADC     HL,BC
209+  0528 EB                           EX      DE,HL
210+  0529 D9                           EXX
211+  052A 23                           INC     HL
212+  052B 7E                           LD      A,(HL)
213+  052C A7                           AND     A
214+  052D 28 31                        JR      Z,.END
215+  052F FE 20                        CP      ' '
216+  0531 28 2D                        JR      Z,.END
217+  0533 D9                           EXX
218+  0534 D6 30                        SUB     '0'
219+  0536 4F                           LD      C,A
220+  0537
221+  0537 C5                           PUSH    BC
222+  0538
223+  0538                              ; X 10 = X2 + X8
224+  0538
225+  0538
226+  0538                              ; X 2
227+  0538
228+  0538 CB 25                        SLA     L
229+  053A CB 14                        RL      H
230+  053C CB 13                        RL      E
231+  053E CB 12                        RL      D
232+  0540
233+  0540 D5                           PUSH    DE
234+  0541 E5                           PUSH    HL
235+  0542
236+  0542                              ; X 4
237+  0542 CB 15                        RL      L
238+  0544 CB 14                        RL      H
239+  0546 CB 13                        RL      E
240+  0548 CB 12                        RL      D
241+  054A
242+  054A                              ; X 8
243+  054A CB 15                        RL      L
244+  054C CB 14                        RL      H
245+  054E CB 13                        RL      E
246+  0550 CB 12                        RL      D
247+  0552
248+  0552 C1                           POP     BC
249+  0553 09                           ADD     HL,BC
250+  0554 01 00 00                     LD      BC,0
251+  0557 EB                           EX      DE,HL
252+  0558 ED 4A                        ADC     HL,BC
253+  055A C1                           POP     BC
254+  055B 09                           ADD     HL,BC
255+  055C EB                           EX      DE,HL
256+  055D
257+  055D C1                           POP     BC
258+  055E
259+  055E 18 C1                        JR      .LOOP
260+  0560
261+  0560 D9           .END            EXX
262+  0561 C9                           RET
263+  0562
264+  0562
265+  0562              ; - STR2INT ------------
266+  0562              ; - INPUT:
267+  0562              ; - HL: POINTER TO STR NUMBER
268+  0562              ; - OUTPUT:
269+  0562              ; - HL: UNSIGNED INT NUMBER
270+  0562              ; -
271+  0562
272+  0562 E5           STR2INT         PUSH    HL
273+  0563 DD E1                        POP     IX
274+  0565 DD 7E 00                     LD      A,(IX + 0)
275+  0568 D6 30                        SUB     '0'
276+  056A 11 10 27                     LD      DE,10000
277+  056D CD F2 05                     CALL    MULT12                  ; RESULT IN HL
278+  0570
279+  0570 E5                           PUSH    HL
280+  0571 DD 7E 01                     LD      A,(IX + 1)
281+  0574 D6 30                        SUB     '0'
282+  0576 11 E8 03                     LD      DE,1000
283+  0579 CD F2 05                     CALL    MULT12                  ; RESULT IN HL
284+  057C D1                           POP     DE
285+  057D 19                           ADD     HL,DE
286+  057E
287+  057E E5                           PUSH    HL
288+  057F DD 7E 02                     LD      A,(IX + 2)
289+  0582 D6 30                        SUB     '0'
290+  0584 11 64 00                     LD      DE,100
291+  0587 CD F2 05                     CALL    MULT12                  ; RESULT IN HL
292+  058A D1                           POP     DE
293+  058B 19                           ADD     HL,DE
294+  058C
295+  058C E5                           PUSH    HL
296+  058D DD 7E 03                     LD      A,(IX + 3)
297+  0590 D6 30                        SUB     '0'
298+  0592 11 0A 00                     LD      DE,10
299+  0595 CD F2 05                     CALL    MULT12                  ; RESULT IN HL
300+  0598 D1                           POP     DE
301+  0599 19                           ADD     HL,DE
302+  059A
303+  059A DD 7E 04                     LD      A,(IX + 4)
304+  059D D6 30                        SUB     '0'
305+  059F 5F                           LD      E,A
306+  05A0 16 00                        LD      D,0
307+  05A2 19                           ADD     HL,DE
308+  05A3 C9                           RET
309+  05A4
310+  05A4
311+  05A4              ; - BYTE2ASC ---------
312+  05A4              ; - CONVERTS A IN
313+  05A4              ; - DECIMAL STRING
314+  05A4              ; - A: STRING
315+  05A4              ; - IX: BUFFER
316+  05A4              ; - OUTPUT:
317+  05A4              ; -     IX POINTS TO END + 1
318+  05A4              ; -
319+  05A4
320+  05A4 FE 0A        BYTE2ASC        CP      10
321+  05A6 38 22                        JR      C,.C1D
322+  05A8 FE 64                        CP      100
323+  05AA 38 26                        JR      C,.C2D
324+  05AC FE C8                        CP      200
325+  05AE 38 08                        JR      C,.C1XX
326+  05B0
327+  05B0                              ; >= 200 < 256
328+  05B0
329+  05B0 DD 36 00 32  .C2XX           LD      (IX + 0),'2'
330+  05B4 D6 C8                        SUB     200
331+  05B6 18 06                        JR      .CXXX
332+  05B8
333+  05B8                              ; >= 100 < 200
334+  05B8
335+  05B8 DD 36 00 31  .C1XX           LD      (IX + 0),'1'
336+  05BC D6 64                        SUB     100
337+  05BE DD 23        .CXXX           INC     IX
338+  05C0 FE 0A                        CP      10
339+  05C2 30 0E                        JR      NC,.C2D
340+  05C4 DD 36 00 30                  LD      (IX + 0),'0'
341+  05C8 DD 23                        INC     IX
342+  05CA
343+  05CA                              ; 1 DIGIT
344+  05CA
345+  05CA C6 30        .C1D            ADD     A,'0'
346+  05CC DD 77 00                     LD      (IX + 0),A
347+  05CF DD 23                        INC     IX
348+  05D1 C9                           RET
349+  05D2
350+  05D2                              ; 2 DIGITS
351+  05D2
352+  05D2 0E 30        .C2D            LD      C,'0'
353+  05D4 0C           .C2DCNT         INC     C
354+  05D5 D6 0A                        SUB     10
355+  05D7 FE 0A                        CP      10
356+  05D9 30 F9                        JR      NC,.C2DCNT
357+  05DB DD 71 00                     LD      (IX + 0),C
358+  05DE DD 23                        INC     IX
359+  05E0 18 E8                        JR      .C1D
360+  05E2
361+  05E2
362+  05E2              ; - STRTAIL ----------
363+  05E2              ; - RETURN POINTER
364+  05E2              ; - IN THE LAST CHAR OF
365+  05E2              ; - ASCIIZ STRING
366+  05E2              ; - HL: ASCIIZ STRING
367+  05E2              ; - OUTPUT:
368+  05E2              ; -     HL: POINTER TO LAST CHAR
369+  05E2              ; -     BC: SIZE
370+  05E2              ; -
371+  05E2
372+  05E2 01 00 00     STRTAIL         LD      BC,#0000
373+  05E5                              ; CHECK 0
374+  05E5 7E                           LD      A,(HL)
375+  05E6 A7                           AND     A
376+  05E7 C8                           RET     Z
377+  05E8 7E           .LOOP           LD      A,(HL)
378+  05E9 A7                           AND     A
379+  05EA 28 04                        JR      Z,.END
380+  05EC 23                           INC     HL
381+  05ED 03                           INC     BC
382+  05EE 18 F8                        JR      .LOOP
383+  05F0 2B           .END            DEC     HL
384+  05F1 C9                           RET
385+  05F2
386+  05F2
387+  05F2              ; --- MATH                              -----------------------------------------
388+  05F2
389+  05F2
390+  05F2              ; - MULT12 -------------
391+  05F2              ; - A * DE = HL
392+  05F2              ; -
393+  05F2
394+  05F2
395+  05F2 21 00 00     MULT12          LD      HL,0
396+  05F5 87                           ADD     A,A
397+  05F6 D2 FB 05                     JP      NC,.ILOOP
398+  05F9 62                           LD      H,D
399+  05FA 6B                           LD      L,E
400+  05FB 06 07        .ILOOP          LD      B,7
401+  05FD 29           .LOOP           ADD     HL,HL
402+  05FE 87                           ADD     A,A
403+  05FF D2 03 06                     JP      NC,.NOADD
404+  0602 19                           ADD     HL,DE
405+  0603 10 F8        .NOADD          DJNZ    .LOOP
406+  0605 C9                           RET
407+  0606
408+  0606
409+  0606              ; --- TBL                               ----------------------------------------
410+  0606
411+  0606
412+  0606              ; - GETSTR  ----------
413+  0606              ; - GET STRING FROM TABLE
414+  0606              ; - B: INDEX
415+  0606              ; - DE: TBL
416+  0606              ; - OUTPUT:
417+  0606              ; -     DE: POINTER TO STR
418+  0606              ; -
419+  0606
420+  0606 1A           GETSTR          LD      A,(DE)
421+  0607 13                           INC     DE
422+  0608 A7                           AND     A
423+  0609 20 14                        JR      NZ,.LOOP
424+  060B
425+  060B                              ; UNKNOWN
426+  060B
427+  060B DD 21 82 1E                  LD      IX,UNKNOWN.CODE
428+  060F 78                           LD      A,B
429+  0610 CD A4 05                     CALL    BYTE2ASC
430+  0613 DD 36 00 29                  LD      (IX + 0), ')'
431+  0617 DD 36 01 24                  LD      (IX + 1), '$'
432+  061B 11 7A 1E                     LD      DE,UNKNOWN
433+  061E C9                           RET
434+  061F
435+  061F                              ; CHECK ERROR
436+  061F
437+  061F B8           .LOOP           CP      B
438+  0620 C8                           RET     Z
439+  0621
440+  0621                              ; NEXT STRING
441+  0621
442+  0621 1A           .NEXT           LD      A,(DE)
443+  0622 13                           INC     DE
444+  0623 FE 24                        CP      '$'
445+  0625 20 FA                        JR      NZ,.NEXT
446+  0627 18 DD                        JR      GETSTR
447+  0629
448+  0629
449+  0629              ; --- HL                                ----------------------------------------
450+  0629
451+  0629
452+  0629              ; - ADDHLA -----------
453+  0629              ; - HL = HL + A
454+  0629              ; -
455+  0629
456+  0629 85           ADDHLA          ADD     A,L
457+  062A 6F                           LD      L,A
458+  062B D0                           RET     NC
459+  062C 24                           INC     H
460+  062D C9                           RET
461+  062E
462+  062E
463+  062E              ; - ADDHLPNT ---------
464+  062E              ; - A * 2
465+  062E              ; - HL + = A
466+  062E              ; - HL = (HL)
467+  062E              ; - A = (HL)
468+  062E              ; -
469+  062E
470+  062E 87           ADDHLPNT        ADD     A,A
471+  062F CD 29 06                     CALL    ADDHLA
472+  0632
473+  0632
474+  0632              ; - PNTHL ------------
475+  0632              ; - HL = (HL)
476+  0632              ; - A = (HL)
477+  0632              ; -
478+  0632
479+  0632 7E           PNTHL           LD      A,(HL)
480+  0633 23                           INC     HL
481+  0634 66                           LD      H,(HL)
482+  0635 6F                           LD      L,A
483+  0636                              ;LD     A,(HL)
484+  0636 C9                           RET
485+  0637
486+  0637
487+  0637              ; - CALHL ---------------
488+  0637              ; - CALL HL
489+  0637              ; -
490+  0637
491+  0637 E9           CALHL           JP   (HL)
492+  0638
493+  0638
494+  0638
495+  0638              ; - CALFUN --------------
496+  0638              ; - HL: POINTER
497+  0638              ; - A * 2
498+  0638              ; - HL + = A
499+  0638              ; - HL = (HL)
500+  0638              ; - JP (HL)
501+  0638              ; -
502+  0638
503+  0638 CD 2E 06     CALFUN          CALL ADDHLPNT
504+  063B E9                           JP   (HL)
505+  063C
506+  063C
507+  063C              ; --- FUNCTION KEYS             -----------------------------------------
508+  063C
509+  063C
510+  063C              ; - CLFNKEY ------------
511+  063C              ; - CLEAR FUNCTION KEYS
512+  063C              ; -
513+  063C
514+  063C 21 7F F8     CLFNKEY         LD      HL,FNKSTR
515+  063F 11 61 1E                     LD      DE,FNKBUF
516+  0642 06 0A                        LD      B,#0A
517+  0644 C5           .LOOP           PUSH    BC
518+  0645 7E                           LD      A,(HL)
519+  0646 12                           LD      (DE),A
520+  0647 13                           INC     DE
521+  0648 36 00                        LD      (HL),0
522+  064A 01 10 00                     LD      BC,#10
523+  064D 09                           ADD     HL,BC
524+  064E C1                           POP     BC
525+  064F 10 F3                        DJNZ    .LOOP
526+  0651 C9                           RET
527+  0652
528+  0652              ; - REFNKEY ------------
529+  0652              ; - RESTORE FUNCTION KEYS
530+  0652              ; -
531+  0652
532+  0652 21 7F F8     REFNKEY         LD      HL,FNKSTR
533+  0655 11 61 1E                     LD      DE,FNKBUF
534+  0658 06 0A                        LD      B,#0A
535+  065A C5           .LOOP           PUSH    BC
536+  065B 1A                           LD      A,(DE)
537+  065C 13                           INC     DE
538+  065D 77                           LD      (HL),A
539+  065E 01 10 00                     LD      BC,#10
540+  0661 09                           ADD     HL,BC
541+  0662 C1                           POP     BC
542+  0663 10 F5                        DJNZ    .LOOP
543+  0665 C9                           RET
544+  0666
545+  0666
# file closed: GENERIC.Z8A
 60   0666                              INCLUDE VDP.Z8A
# file opened: VDP.Z8A
  1+  0666              ;                                       ****************************************
  2+  0666              ;                                       * VDP COMMAND ENGINE                   *
  3+  0666              ;                                       ****************************************
  4+  0666
  5+  0666
  6+  0666              ; --- VDPWAIT                   ----------------------------------------
  7+  0666
  8+  0666              ; - VDPWAIT ----------
  9+  0666              ; - WAIT UNTIL VDP COMMAND ENGINE IDLE
 10+  0666              ; - POLLS S#2 BIT 0 (CE)
 11+  0666              ; -
 12+  0666
 13+  0666 F5           VDPWAIT         PUSH    AF
 14+  0667 3E 02                        LD      A, 2
 15+  0669 F3                           DI
 16+  066A D3 99                        OUT     (VDPCT), A
 17+  066C 3E 8F                        LD      A, #8F          ; SELECT STATUS REG S#2 (R#15=2)
 18+  066E D3 99                        OUT     (VDPCT), A
 19+  0670 DB 99        .WAIT           IN      A, (VDPST)
 20+  0672 1F                           RRA                     ; CE INTO CARRY
 21+  0673 38 FB                        JR      C, .WAIT
 22+  0675 AF                           XOR     A               ; RESTORE S#0 SELECTION
 23+  0676 F3                           DI
 24+  0677 D3 99                        OUT     (VDPCT), A
 25+  0679 3E 8F                        LD      A, #8F
 26+  067B D3 99                        OUT     (VDPCT), A
 27+  067D FB                           EI
 28+  067E F1                           POP     AF
 29+  067F C9                           RET
 30+  0680
 31+  0680
 32+  0680              ; --- REGISTER WRITE            ----------------------------------------
 33+  0680
 34+  0680              ; - SETVR -----------
 35+  0680              ; - SET VDP REGISTER
 36+  0680              ; - A: REGISTER NUMBER
 37+  0680              ; - E: VALUE
 38+  0680              ; -
 39+  0680
 40+  0680 F5           SETVR           PUSH    AF
 41+  0681 F3                           DI
 42+  0682 7B                           LD      A, E
 43+  0683 D3 99                        OUT     (VDPCT), A      ; WRITE VALUE BYTE FIRST
 44+  0685 F1                           POP     AF
 45+  0686 F6 80                        OR      #80             ; REG NUMBER | #80 = REGISTER SELECT
 46+  0688 D3 99                        OUT     (VDPCT), A
 47+  068A FB                           EI
 48+  068B C9                           RET
 49+  068C
 50+  068C
 51+  068C              ; - SETWRT -----------------------------
 52+  068C              ; - SET VDP VRAM WRITE ADDRESS POINTER
 53+  068C              ; - IN:  HL = VRAM ADDRESS (0..65535)
 54+  068C              ; - OUT: NONE
 55+  068C              ; - CLOBBERS: A
 56+  068C              ; -
 57+  068C
 58+  068C F3           SETWRT          DI
 59+  068D 7D                           LD      A, L
 60+  068E D3 99                        OUT     (VDPCT), A
 61+  0690 7C                           LD      A, H
 62+  0691 E6 3F                        AND     #3F
 63+  0693 F6 40                        OR      #40
 64+  0695 D3 99                        OUT     (VDPCT), A
 65+  0697 FB                           EI
 66+  0698 C9                           RET
 67+  0699
 68+  0699
 69+  0699              ; --- COMMAND EXECUTION         ----------------------------------------
 70+  0699
 71+  0699
 72+  0699              ; - VDPCMD -----------------------------
 73+  0699              ; - ISSUE VDP COMMAND BLOCK
 74+  0699              ; - IN:  HL = POINTER TO 15-BYTE PARAM BLOCK
 75+  0699              ; - OUT: NONE
 76+  0699              ; - CLOBBERS: NONE
 77+  0699              ; -
 78+  0699
 79+  0699 CD 66 06     VDPCMD          CALL    VDPWAIT
 80+  069C F3                           DI
 81+  069D 3E 20                        LD      A, 32           ; START AT R#32
 82+  069F D3 99                        OUT     (VDPCT), A
 83+  06A1 3E 91                        LD      A, #91          ; R#17 (INDIRECT REGISTER POINTER)
 84+  06A3 D3 99                        OUT     (VDPCT), A
 85+  06A5
 86+  06A5 0E 9B                        LD      C, VDPIND       ; PORT #9B (R#17 AUTO-INCS R#32-46)
 87+  06A7                              REPT    15
 88+  06A7 ED A3       >                OUTI
 88+  06A9 ED A3       >                OUTI
 88+  06AB ED A3       >                OUTI
 88+  06AD ED A3       >                OUTI
 88+  06AF ED A3       >                OUTI
 88+  06B1 ED A3       >                OUTI
 88+  06B3 ED A3       >                OUTI
 88+  06B5 ED A3       >                OUTI
 88+  06B7 ED A3       >                OUTI
 88+  06B9 ED A3       >                OUTI
 88+  06BB ED A3       >                OUTI
 88+  06BD ED A3       >                OUTI
 88+  06BF ED A3       >                OUTI
 88+  06C1 ED A3       >                OUTI
 88+  06C3 ED A3       >                OUTI
 89+  06C5                              ENDR
 90+  06C5 FB                           EI
 91+  06C6 C9                           RET
 92+  06C7
 93+  06C7
 94+  06C7              ; --- WRAPPER PRIMITIVES        ----------------------------------------
 95+  06C7
 96+  06C7
 97+  06C7              ; - HMMV -------------
 98+  06C7              ; - FILL VRAM REGION WITH BYTE COLOR
 99+  06C7              ; - HL: POINTER TO CMD BLOCK (ONLY R#36-R#46 USED)
100+  06C7              ; -
101+  06C7
102+  06C7 F5           HMMV            PUSH    AF
103+  06C8 E5                           PUSH    HL
104+  06C9 11 0E 00                     LD      DE, 14
105+  06CC 19                           ADD     HL, DE
106+  06CD 3E C0                        LD      A, VDP_HMMV
107+  06CF 77                           LD      (HL), A         ; R#46 = CMD
108+  06D0 E1                           POP     HL
109+  06D1 CD 99 06                     CALL    VDPCMD
110+  06D4 F1                           POP     AF
111+  06D5 C9                           RET
112+  06D6
113+  06D6
114+  06D6              ; - HMMM -------------
115+  06D6              ; - COPY VRAM → VRAM (BYTE MODE)
116+  06D6              ; - HL: POINTER TO CMD BLOCK
117+  06D6              ; -
118+  06D6
119+  06D6 F5           HMMM            PUSH    AF
120+  06D7 E5                           PUSH    HL
121+  06D8 11 0E 00                     LD      DE, 14
122+  06DB 19                           ADD     HL, DE
123+  06DC 3E D0                        LD      A, VDP_HMMM
124+  06DE 77                           LD      (HL), A
125+  06DF E1                           POP     HL
126+  06E0 CD 99 06                     CALL    VDPCMD
127+  06E3 F1                           POP     AF
128+  06E4 C9                           RET
129+  06E5
130+  06E5
131+  06E5              ; - HMMC -------------
132+  06E5              ; - CPU → VRAM (BYTE-TRANSFER)
133+  06E5              ; - HL: POINTER TO CMD BLOCK
134+  06E5              ; -
135+  06E5
136+  06E5 F5           HMMC            PUSH    AF
137+  06E6 E5                           PUSH    HL
138+  06E7 11 0E 00                     LD      DE, 14
139+  06EA 19                           ADD     HL, DE
140+  06EB 3E F0                        LD      A, VDP_HMMC
141+  06ED 77                           LD      (HL), A
142+  06EE E1                           POP     HL
143+  06EF CD 99 06                     CALL    VDPCMD
144+  06F2 F1                           POP     AF
145+  06F3 C9                           RET
146+  06F4
147+  06F4
148+  06F4
149+  06F4              ; - LMMM -------------
150+  06F4              ; - COPY VRAM → VRAM (DOT MODE)
151+  06F4              ; - HL: POINTER TO CMD BLOCK
152+  06F4              ; - A: LOGICAL OP (VDP_IMP, VDP_XOR, ETC)
153+  06F4              ; -
154+  06F4
155+  06F4 F5           LMMM            PUSH    AF
156+  06F5 E5                           PUSH    HL
157+  06F6 11 0E 00                     LD      DE, 14
158+  06F9 19                           ADD     HL, DE
159+  06FA 77                           LD      (HL), A         ; SET COMMAND + LOGOP
160+  06FB E1                           POP     HL
161+  06FC CD 99 06                     CALL    VDPCMD
162+  06FF F1                           POP     AF
163+  0700 C9                           RET
164+  0701
165+  0701
166+  0701              ; - LMMV -------------------------------
167+  0701              ; - FILL VRAM REGION (DOT MODE, LOGOP)
168+  0701              ; - IN:  HL = POINTER TO CMD BLOCK
169+  0701              ; -      A  = COMMAND + LOGOP (E.G. VDP_LMMV | VDP_XOR)
170+  0701              ; - OUT: NONE
171+  0701              ; - CLOBBERS: NONE
172+  0701              ; -
173+  0701
174+  0701 F5           LMMV            PUSH    AF
175+  0702 E5                           PUSH    HL
176+  0703 11 0E 00                     LD      DE, 14
177+  0706 19                           ADD     HL, DE
178+  0707 77                           LD      (HL), A         ; R#46 = VDP_LMMV | LOGOP
179+  0708 E1                           POP     HL
180+  0709 CD 99 06                     CALL    VDPCMD
181+  070C F1                           POP     AF
182+  070D C9                           RET
183+  070E
# file closed: VDP.Z8A
 61   070E                              INCLUDE FONT.Z8A
# file opened: FONT.Z8A
  1+  070E              ;                                       ****************************************
  2+  070E              ;                                       * FONT                                 *
  3+  070E              ;                                       ****************************************
  4+  070E              ;
  5+  070E              ; BUNDLED 6X8 CHARSET (256 GLYPHS X 8 BYTES, 1BPP).
  6+  070E              ; EXPANDS INTO VRAM FONT TABLE AT VR_FNORM (FNORM_SY = 224).
  7+  070E              ; GLYPH N: SX = (N & 31) * 8, SY = FNORM_SY + (N >> 5) * 8.
  8+  070E
  9+  070E
 10+  070E              ; --- FONTINIT                  ----------------------------------------
 11+  070E
 12+  070E
 13+  070E              ; - FONTINIT ---------------------------
 14+  070E              ; - EXPAND BUNDLED CHARSET TO VRAM
 15+  070E              ; - IN:  NONE
 16+  070E              ; - OUT: NONE
 17+  070E              ; - CLOBBERS: ALL
 18+  070E              ; -
 19+  070E
 20+  070E 11 7A 07     FONTINIT        LD      DE, FONT_DATA   ; SOURCE 1BPP BYTES
 21+  0711 0E 00                        LD      C, 0            ; CHAR 0..255
 22+  0713 06 00        .CHARLP         LD      B, 0            ; LINE 0..7
 23+  0715 C5           .LINELP         PUSH    BC
 24+  0716 D5                           PUSH    DE
 25+  0717 79                           LD      A, C
 26+  0718 CD 37 07                     CALL    CALCVRAM        ; HL = VRAM ADDRESS
 27+  071B CD 8C 06                     CALL    SETWRT          ; SET VRAM POINTER
 28+  071E D1                           POP     DE
 29+  071F 1A                           LD      A, (DE)         ; 1BPP ROW BYTE
 30+  0720 13                           INC     DE
 31+  0721 D5                           PUSH    DE
 32+  0722 CD 51 07                     CALL    EXPNORM         ; D = BYTE 0, E = BYTE 1
 33+  0725 7A                           LD      A, D
 34+  0726 D3 98                        OUT     (VDPDR), A
 35+  0728 7B                           LD      A, E
 36+  0729 D3 98                        OUT     (VDPDR), A
 37+  072B D1                           POP     DE
 38+  072C C1                           POP     BC
 39+  072D 04                           INC     B
 40+  072E 78                           LD      A, B
 41+  072F FE 08                        CP      8
 42+  0731 20 E2                        JR      NZ, .LINELP
 43+  0733
 44+  0733 0C                           INC     C
 45+  0734 20 DD                        JR      NZ, .CHARLP
 46+  0736 C9                           RET
 47+  0737
 48+  0737
 49+  0737              ; - CALCVRAM ---------------------------
 50+  0737              ; - CALC VRAM ADDRESS FOR CHAR C, LINE B
 51+  0737              ; - IN:  A = CHAR (0..255), B = LINE (0..7)
 52+  0737              ; - OUT: HL = VRAM BYTE ADDRESS (#7000..#8FFF)
 53+  0737              ; - CLOBBERS: AF
 54+  0737              ; -
 55+  0737
 56+  0737 C5           CALCVRAM        PUSH    BC
 57+  0738 E6 E0                        AND     %11100000
 58+  073A 0F                           RRCA
 59+  073B 0F                           RRCA                    ; (C >> 5) * 8
 60+  073C 80                           ADD     A, B            ; + LINE = Y_OFF (0..63)
 61+  073D 67                           LD      H, A
 62+  073E CB 3C                        SRL     H               ; H = Y_OFF >> 1
 63+  0740 1F                           RRA                     ; BIT 0 OF Y_OFF INTO CARRY
 64+  0741 3E 00                        LD      A, 0
 65+  0743 1F                           RRA                     ; A = (Y_OFF & 1) << 7 (#00 OR #80)
 66+  0744 C1                           POP     BC
 67+  0745 6F                           LD      L, A
 68+  0746 79                           LD      A, C
 69+  0747 E6 1F                        AND     %00011111       ; C & 31
 70+  0749 87                           ADD     A, A            ; * 2
 71+  074A B5                           OR      L               ; COMBINE WITH LOW BYTE
 72+  074B 6F                           LD      L, A
 73+  074C 7C                           LD      A, H
 74+  074D C6 70                        ADD     A, #70          ; VR_FNORM >> 8 = #70
 75+  074F 67                           LD      H, A
 76+  0750 C9                           RET
 77+  0751
 78+  0751
 79+  0751              ; --- GLYPH EXPAND HELPERS      ----------------------------------------
 80+  0751
 81+  0751
 82+  0751              ; - EXPNORM ----------------------------
 83+  0751              ; - EXPAND 1BPP ROW BYTE TO 2-BYTE 2BPP (COLOR 1)
 84+  0751              ; - IN:  A = 1BPP ROM BYTE (BITS 7-2 = 6 PIXELS)
 85+  0751              ; - OUT: D = BYTE 0 (PIXELS 0-3), E = BYTE 1 (PIXELS 4-5)
 86+  0751              ; - CLOBBERS: AF, B, DE
 87+  0751              ; -
 88+  0751
 89+  0751 47           EXPNORM         LD      B, A
 90+  0752 11 00 00                     LD      DE, 0
 91+  0755 CB 78                        BIT     7, B
 92+  0757 28 02                        JR      Z, .P1
 93+  0759 CB F2                        SET     6, D
 94+  075B CB 70        .P1             BIT     6, B
 95+  075D 28 02                        JR      Z, .P2
 96+  075F CB E2                        SET     4, D
 97+  0761 CB 68        .P2             BIT     5, B
 98+  0763 28 02                        JR      Z, .P3
 99+  0765 CB D2                        SET     2, D
100+  0767 CB 60        .P3             BIT     4, B
101+  0769 28 02                        JR      Z, .P4
102+  076B CB C2                        SET     0, D
103+  076D CB 58        .P4             BIT     3, B
104+  076F 28 02                        JR      Z, .P5
105+  0771 CB F3                        SET     6, E
106+  0773 CB 50        .P5             BIT     2, B
107+  0775 28 02                        JR      Z, .DONE
108+  0777 CB E3                        SET     4, E
109+  0779 C9           .DONE           RET
110+  077A
111+  077A
112+  077A              ; --- ASSETS                    ----------------------------------------
113+  077A
114+  077A              FONT_DATA       INCBIN  "FONT.BIN"
115+  0F7A
116+  0F7A
# file closed: FONT.Z8A
 62   0F7A                              INCLUDE MAPPER.Z8A
# file opened: MAPPER.Z8A
  1+  0F7A              ;                                       ****************************************
  2+  0F7A              ;                                       * MAPPER MANAGER                       *
  3+  0F7A              ;                                       ****************************************
  4+  0F7A              ;
  5+  0F7A              ; USES DOS2/NEXTOR MAPPER SUPPORT ROUTINES FOUND VIA EXTBIO.
  6+  0F7A              ; NEVER USE OUT (#0FE) DIRECTLY — ALWAYS GO THROUGH MPUTP2.
  7+  0F7A              ;
  8+  0F7A              ; INIT: CALL MAPINIT AT STARTUP. STORES ENTRY ADDRESSES IN VARS.
  9+  0F7A              ; AFTER INIT: CALL ALLSEG, FRESEG, RDSEG, WRSEG, PUTP1, GETP1, PUTP2, GETP2.
 10+  0F7A
 11+  0F7A
 12+  0F7A              ; --- MAPINIT                   ----------------------------------------
 13+  0F7A
 14+  0F7A              ; - MAPINIT ----------
 15+  0F7A              ; - LOCATE MAPPER MANAGER VIA EXTBIO
 16+  0F7A              ; - FILL MAP_XXX JUMP TABLE ENTRIES IN VARS
 17+  0F7A              ; - OUTPUT:
 18+  0F7A              ; -     CY = 1  NO MAPPER MANAGER (NO EXTENDED BIOS OR DEVICE NOT PRESENT)
 19+  0F7A              ; -
 20+  0F7A
 21+  0F7A              MAPINIT         DBG     "MAPINIT: ENTER"
 21+  0F7A CD 5F 04    >                CALL    DBGMSG
 21+  0F7D 4D 41 50 49 >                DEFM    "MAPINIT: ENTER", 10, 0
 21+  0F81 4E 49 54 3A >
 21+  0F85 20 45 4E 54 >
 21+  0F89 45 52 0A 00 >
 22+  0F8D 3A 20 FB                     LD      A, (HOKVLD)
 23+  0F90                              DBG     "MAPINIT: HOKVLD READ"
 23+  0F90 CD 5F 04    >                CALL    DBGMSG
 23+  0F93 4D 41 50 49 >                DEFM    "MAPINIT: HOKVLD READ", 10, 0
 23+  0F97 4E 49 54 3A >
 23+  0F9B 20 48 4F 4B >
 23+  0F9F 56 4C 44 20 >
 23+  0FA3 52 45 41 44 >
 23+  0FA7 0A 00       >
 24+  0FA9 1F                           RRA
 25+  0FAA 38 19                        JR      C, .HOKOK
 26+  0FAC                              DBG     "MAPINIT: NO HOKVLD"
 26+  0FAC CD 5F 04    >                CALL    DBGMSG
 26+  0FAF 4D 41 50 49 >                DEFM    "MAPINIT: NO HOKVLD", 10, 0
 26+  0FB3 4E 49 54 3A >
 26+  0FB7 20 4E 4F 20 >
 26+  0FBB 48 4F 4B 56 >
 26+  0FBF 4C 44 0A 00 >
 27+  0FC3 37                           SCF
 28+  0FC4 C9                           RET                     ; CY = 1: NO EXTENDED BIOS
 29+  0FC5
 30+  0FC5              .HOKOK          DBG     "MAPINIT: HOKOK"
 30+  0FC5 CD 5F 04    >                CALL    DBGMSG
 30+  0FC8 4D 41 50 49 >                DEFM    "MAPINIT: HOKOK", 10, 0
 30+  0FCC 4E 49 54 3A >
 30+  0FD0 20 48 4F 4B >
 30+  0FD4 4F 4B 0A 00 >
 31+  0FD8 AF                           XOR     A               ; A=0
 32+  0FD9 16 04                        LD      D, MAP_DEV
 33+  0FDB 1E 02                        LD      E, MAPFNTBL
 34+  0FDD                              DBG     "MAPINIT: BEFORE EXTBIO"
 34+  0FDD CD 5F 04    >                CALL    DBGMSG
 34+  0FE0 4D 41 50 49 >                DEFM    "MAPINIT: BEFORE EXTBIO", 10, 0
 34+  0FE4 4E 49 54 3A >
 34+  0FE8 20 42 45 46 >
 34+  0FEC 4F 52 45 20 >
 34+  0FF0 45 58 54 42 >
 34+  0FF4 49 4F 0A 00 >
 35+  0FF8 CD CA FF                     CALL    EXTBIO          ; HL = JUMP TABLE BASE
 36+  0FFB                              DBG     "MAPINIT: AFTER EXTBIO"
 36+  0FFB CD 5F 04    >                CALL    DBGMSG
 36+  0FFE 4D 41 50 49 >                DEFM    "MAPINIT: AFTER EXTBIO", 10, 0
 36+  1002 4E 49 54 3A >
 36+  1006 20 41 46 54 >
 36+  100A 45 52 20 45 >
 36+  100E 58 54 42 49 >
 36+  1012 4F 0A 00    >
 37+  1015 B7                           OR      A
 38+  1016 20 1A                        JR      NZ, .MAPOK
 39+  1018                              DBG     "MAPINIT: EXTBIO A=0"
 39+  1018 CD 5F 04    >                CALL    DBGMSG
 39+  101B 4D 41 50 49 >                DEFM    "MAPINIT: EXTBIO A=0", 10, 0
 39+  101F 4E 49 54 3A >
 39+  1023 20 45 58 54 >
 39+  1027 42 49 4F 20 >
 39+  102B 41 3D 30 0A >
 39+  102F 00          >
 40+  1030 37                           SCF
 41+  1031 C9                           RET                     ; CY = 1: NO MAPPER MANAGER
 42+  1032
 43+  1032              .MAPOK          DBG     "MAPINIT: MAPOK"
 43+  1032 CD 5F 04    >                CALL    DBGMSG
 43+  1035 4D 41 50 49 >                DEFM    "MAPINIT: MAPOK", 10, 0
 43+  1039 4E 49 54 3A >
 43+  103D 20 4D 41 50 >
 43+  1041 4F 4B 0A 00 >
 44+  1045 E5                           PUSH    HL
 45+  1046 11 00 00                     LD      DE, MJALLSEG
 46+  1049 19                           ADD     HL, DE
 47+  104A 22 63 1B                     LD      (MALLSEG), HL
 48+  104D
 49+  104D E1                           POP     HL
 50+  104E E5                           PUSH    HL
 51+  104F 11 03 00                     LD      DE, MJFRESEG
 52+  1052 19                           ADD     HL, DE
 53+  1053 22 65 1B                     LD      (MFRESEG), HL
 54+  1056
 55+  1056 E1                           POP     HL
 56+  1057 E5                           PUSH    HL
 57+  1058 11 06 00                     LD      DE, MJRDSEG
 58+  105B 19                           ADD     HL, DE
 59+  105C 22 67 1B                     LD      (MRDSEG), HL
 60+  105F
 61+  105F E1                           POP     HL
 62+  1060 E5                           PUSH    HL
 63+  1061 11 09 00                     LD      DE, MJWRSEG
 64+  1064 19                           ADD     HL, DE
 65+  1065 22 69 1B                     LD      (MWRSEG), HL
 66+  1068
 67+  1068 E1                           POP     HL
 68+  1069 E5                           PUSH    HL
 69+  106A 11 1E 00                     LD      DE, MJPUTP1
 70+  106D 19                           ADD     HL, DE
 71+  106E 22 6B 1B                     LD      (MPUTP1), HL
 72+  1071
 73+  1071 E1                           POP     HL
 74+  1072 E5                           PUSH    HL
 75+  1073 11 21 00                     LD      DE, MJGETP1
 76+  1076 19                           ADD     HL, DE
 77+  1077 22 6D 1B                     LD      (MGETP1), HL
 78+  107A
 79+  107A E1                           POP     HL
 80+  107B E5                           PUSH    HL
 81+  107C 11 24 00                     LD      DE, MJPUTP2
 82+  107F 19                           ADD     HL, DE
 83+  1080 22 6F 1B                     LD      (MPUTP2), HL
 84+  1083
 85+  1083 E1                           POP     HL
 86+  1084 11 27 00                     LD      DE, MJGETP2
 87+  1087 19                           ADD     HL, DE
 88+  1088 22 71 1B                     LD      (MGETP2), HL
 89+  108B
 90+  108B 3E FF                        LD      A, #FF
 91+  108D 32 5D 1B                     LD      (MAPRDY), A    ; FLAG: MAPPER MANAGER FOUND
 92+  1090 A7                           AND     A               ; CARRY CLEAR = SUCCESS
 93+  1091 C9                           RET
 94+  1092
 95+  1092
 96+  1092              ; --- ALLSEG                    ----------------------------------------
 97+  1092
 98+  1092              ; - ALLSEG -----------
 99+  1092              ; - ALLOCATE ONE 16KB USER SEGMENT (PRIMARY MAPPER)
100+  1092              ; - OUTPUT:
101+  1092              ; -     A  = SEGMENT NUMBER (FC = 0)
102+  1092              ; -     FC = 1  NO FREE SEGMENTS
103+  1092              ; -
104+  1092
105+  1092 AF           ALLSEG          XOR     A               ; A=0: USER SEGMENT, B=0: PRIMARY MAPPER
106+  1093 47                           LD      B, A
107+  1094 2A 63 1B                     LD      HL, (MALLSEG)
108+  1097 CD 37 06                     CALL    CALHL
109+  109A C9                           RET
110+  109B
111+  109B
112+  109B              ; --- FRESEG                    ----------------------------------------
113+  109B
114+  109B              ; - FRESEG -----------
115+  109B              ; - FREE A PREVIOUSLY ALLOCATED SEGMENT
116+  109B              ; - A: SEGMENT NUMBER
117+  109B              ; - OUTPUT:
118+  109B              ; -     FC = 1  ERROR (INVALID OR ALREADY FREE)
119+  109B              ; -
120+  109B
121+  109B 06 00        FRESEG          LD      B, 0            ; B=0: PRIMARY MAPPER
122+  109D 2A 65 1B                     LD      HL, (MFRESEG)
123+  10A0 CD 37 06                     CALL    CALHL
124+  10A3 C9                           RET
125+  10A4
126+  10A4
127+  10A4              ; --- RDSEG                     ----------------------------------------
128+  10A4
129+  10A4              ; - RDSEG ------------
130+  10A4              ; - READ ONE BYTE FROM SEGMENT WITHOUT DISTURBING PAGE 2
131+  10A4              ; - A:  SEGMENT NUMBER
132+  10A4              ; - HL: ADDRESS WITHIN SEGMENT (TOP 2 BITS IGNORED)
133+  10A4              ; - OUTPUT:
134+  10A4              ; -     A: BYTE READ
135+  10A4              ; - NOTE: RETURNS WITH INTERRUPTS DISABLED
136+  10A4              ; -
137+  10A4
138+  10A4 2A 67 1B     RDSEG           LD      HL, (MRDSEG)
139+  10A7 CD 37 06                     CALL    CALHL
140+  10AA FB                           EI
141+  10AB C9                           RET
142+  10AC
143+  10AC
144+  10AC              ; --- WRSEG                     ----------------------------------------
145+  10AC
146+  10AC              ; - WRSEG ------------
147+  10AC              ; - WRITE ONE BYTE TO SEGMENT WITHOUT DISTURBING PAGE 2
148+  10AC              ; - A:  SEGMENT NUMBER
149+  10AC              ; - HL: ADDRESS WITHIN SEGMENT (TOP 2 BITS IGNORED)
150+  10AC              ; - E:  BYTE TO WRITE
151+  10AC              ; - NOTE: RETURNS WITH INTERRUPTS DISABLED
152+  10AC              ; -
153+  10AC
154+  10AC 2A 69 1B     WRSEG           LD      HL, (MWRSEG)
155+  10AF CD 37 06                     CALL    CALHL
156+  10B2 FB                           EI
157+  10B3 C9                           RET
158+  10B4
159+  10B4
160+  10B4              ; --- PUTP1                     ----------------------------------------
161+  10B4
162+  10B4              ; - PUTP1 ------------
163+  10B4              ; - BANK SEGMENT INTO PAGE 1 (#4000-#7FFF) — LINE DIRECTORY WINDOW
164+  10B4              ; - A: SEGMENT NUMBER
165+  10B4              ; - ALL REGISTERS PRESERVED
166+  10B4              ; -
167+  10B4
168+  10B4 2A 6B 1B     PUTP1           LD      HL, (MPUTP1)
169+  10B7 CD 37 06                     CALL    CALHL
170+  10BA C9                           RET
171+  10BB
172+  10BB
173+  10BB              ; --- GETP1                     ----------------------------------------
174+  10BB
175+  10BB              ; - GETP1 ------------
176+  10BB              ; - GET CURRENTLY BANKED SEGMENT AT PAGE 1
177+  10BB              ; - OUTPUT:
178+  10BB              ; -     A: SEGMENT NUMBER
179+  10BB              ; -
180+  10BB
181+  10BB 2A 6D 1B     GETP1           LD      HL, (MGETP1)
182+  10BE CD 37 06                     CALL    CALHL
183+  10C1 C9                           RET
184+  10C2
185+  10C2
186+  10C2              ; --- PUTP2                     ----------------------------------------
187+  10C2
188+  10C2              ; - PUTP2 ------------
189+  10C2              ; - BANK SEGMENT INTO PAGE 2 (#8000-#BFFF) — TEXT WINDOW
190+  10C2              ; - A: SEGMENT NUMBER
191+  10C2              ; - ALL REGISTERS PRESERVED
192+  10C2              ; -
193+  10C2
194+  10C2 2A 6F 1B     PUTP2           LD      HL, (MPUTP2)
195+  10C5 CD 37 06                     CALL    CALHL
196+  10C8 C9                           RET
197+  10C9
198+  10C9
199+  10C9              ; --- GETP2                     ----------------------------------------
200+  10C9
201+  10C9              ; - GETP2 ------------
202+  10C9              ; - GET CURRENTLY BANKED SEGMENT AT PAGE 2
203+  10C9              ; - OUTPUT:
204+  10C9              ; -     A: SEGMENT NUMBER
205+  10C9              ; -
206+  10C9
207+  10C9 2A 71 1B     GETP2           LD      HL, (MGETP2)
208+  10CC CD 37 06                     CALL    CALHL
209+  10CF C9                           RET
210+  10D0
# file closed: MAPPER.Z8A
 63   10D0                              INCLUDE BUFFER.Z8A
# file opened: BUFFER.Z8A
  1+  10D0              ;                                       ****************************************
  2+  10D0              ;                                       * TEXT BUFFER                          *
  3+  10D0              ;                                       ****************************************
  4+  10D0              ;
  5+  10D0              ; LINE DIRECTORY: FLAT ARRAY AT DIRPAGE (#4000), IN A DEDICATED MAPPER SEGMENT
  6+  10D0              ;   (DIRSEG). ALLOCATED AT STARTUP, BANKED INTO PAGE 1 VIA PUTP1, NEVER SWITCHED.
  7+  10D0              ;   DIRECT ACCESS: ENTRY N IS AT DIRPAGE + N*3.
  8+  10D0              ;   ENTRY LAYOUT: [1: SEG][2: WORD OFFSET WITHIN THAT TEXT SEGMENT]
  9+  10D0              ;   CAPACITY: MAXLINES = 5460 ENTRIES (16384 / 3 = 5461, ROUNDED DOWN)
 10+  10D0              ;
 11+  10D0              ; TEXT SEGMENTS: ACCESSED VIA PAGE 2 WINDOW (TXPAGE = #8000).
 12+  10D0              ;   PUTP2 TO SWITCH SEGMENT IN; COPY DATA; PUTP2 TO SWITCH NEXT AS NEEDED.
 13+  10D0              ;   MULTIPLE SEGMENTS ALLOCATED AS FILE GROWS (ALLSEG).
 14+  10D0              ;
 15+  10D0              ; LINE RECORD (IN TEXT SEGMENT):
 16+  10D0              ;   [1 BYTE : TEXT_LEN]   (0-80)
 17+  10D0              ;   [N BYTES: TEXT]       RAW CHARS
 18+  10D0              ;   [N BYTES: ATTR]       ONE ATTR BYTE PER CHAR
 19+  10D0              ;   MAX: 1 + 80 + 80 = 161 BYTES (LINEREC)
 20+  10D0
 21+  10D0
 22+  10D0              ; --- BUFINIT                   ----------------------------------------
 23+  10D0
 24+  10D0              ; - BUFINIT ----------
 25+  10D0              ; - INITIALIZE EMPTY BUFFER (ONE BLANK LINE)
 26+  10D0              ; - CALL AFTER MAPINIT
 27+  10D0              ; -
 28+  10D0
 29+  10D0 CD 92 10     BUFINIT         CALL    ALLSEG          ; ALLOCATE DIR SEGMENT
 30+  10D3 32 73 1B                     LD      (DIRSEG), A
 31+  10D6 CD B4 10                     CALL    PUTP1           ; MAP TO PAGE 1
 32+  10D9
 33+  10D9 CD 92 10                     CALL    ALLSEG          ; ALLOCATE FIRST TEXT SEGMENT
 34+  10DC 32 74 1B                     LD      (TXSEG), A
 35+  10DF 32 77 1B                     LD      (CURSEG), A
 36+  10E2 CD C2 10                     CALL    PUTP2           ; MAP TO PAGE 2
 37+  10E5
 38+  10E5                              ; WRITE EMPTY LINE RECORD AT TXPAGE+0: LEN=0, 80 SPACES, 80 ATTRS
 39+  10E5 AF                           XOR     A
 40+  10E6 32 00 80                     LD      (TXPAGE), A
 41+  10E9 21 01 80                     LD      HL, TXPAGE + 1
 42+  10EC 36 20                        LD      (HL), ' '
 43+  10EE 11 02 80                     LD      DE, TXPAGE + 2
 44+  10F1 01 4F 00                     LD      BC, 79
 45+  10F4 ED B0                        LDIR
 46+  10F6 21 51 80                     LD      HL, TXPAGE + 81
 47+  10F9 36 00                        LD      (HL), 0
 48+  10FB 11 52 80                     LD      DE, TXPAGE + 82
 49+  10FE 01 4F 00                     LD      BC, 79
 50+  1101 ED B0                        LDIR
 51+  1103
 52+  1103                              ; WRITE DIR ENTRY 0: SEG=TXSEG, OFF=0
 53+  1103 21 00 00                     LD      HL, 0
 54+  1106 3A 74 1B                     LD      A, (TXSEG)
 55+  1109 11 00 00                     LD      DE, 0
 56+  110C CD 35 11                     CALL    DIRWRITE
 57+  110F
 58+  110F                              ; INITIALIZE VARS
 59+  110F 21 01 00                     LD      HL, 1
 60+  1112 22 7C 1B                     LD      (TOTLINES), HL
 61+  1115 21 00 00                     LD      HL, 0
 62+  1118 22 78 1B                     LD      (TOPLINE), HL
 63+  111B 22 7A 1B                     LD      (DOCLINE), HL
 64+  111E 3E 00                        LD      A, 0
 65+  1120 32 75 1B                     LD      (CURX), A
 66+  1123 32 76 1B                     LD      (CURY), A
 67+  1126 C9                           RET
 68+  1127
 69+  1127
 70+  1127              ; --- DIRREAD                   ----------------------------------------
 71+  1127
 72+  1127              ; - DIRREAD ----------
 73+  1127              ; - READ LINE DIRECTORY ENTRY (DIRECT — PAGE 1 ALWAYS MAPPED)
 74+  1127              ; - HL: LINE NUMBER (0-BASED)
 75+  1127              ; - OUTPUT:
 76+  1127              ; -     A:  SEGMENT NUMBER
 77+  1127              ; -     DE: BYTE OFFSET WITHIN SEGMENT
 78+  1127              ; -
 79+  1127              ; - USES: HL (ENTRY ADDRESS), DE (OFFSET), A (SEG)
 80+  1127              ; -
 81+  1127
 82+  1127 E5           DIRREAD         PUSH    HL
 83+  1128 29                           ADD     HL, HL          ; HL * 2
 84+  1129 D1                           POP     DE
 85+  112A 19                           ADD     HL, DE          ; HL * 3
 86+  112B 11 00 40                     LD      DE, DIRPAGE
 87+  112E 19                           ADD     HL, DE          ; HL = DIRPAGE + N*3
 88+  112F
 89+  112F 7E                           LD      A, (HL)         ; SEGMENT
 90+  1130 23                           INC     HL
 91+  1131 5E                           LD      E, (HL)
 92+  1132 23                           INC     HL
 93+  1133 56                           LD      D, (HL)         ; DE = OFFSET
 94+  1134 C9                           RET
 95+  1135
 96+  1135
 97+  1135              ; --- DIRWRITE                  ----------------------------------------
 98+  1135
 99+  1135              ; - DIRWRITE ---------
100+  1135              ; - WRITE LINE DIRECTORY ENTRY (DIRECT — PAGE 1 ALWAYS MAPPED)
101+  1135              ; - HL: LINE NUMBER
102+  1135              ; - A:  SEGMENT
103+  1135              ; - DE: BYTE OFFSET WITHIN SEGMENT
104+  1135              ; -
105+  1135
106+  1135 F5           DIRWRITE        PUSH    AF
107+  1136 D5                           PUSH    DE
108+  1137 E5                           PUSH    HL
109+  1138 29                           ADD     HL, HL          ; HL * 2
110+  1139 D1                           POP     DE
111+  113A 19                           ADD     HL, DE          ; HL * 3
112+  113B 11 00 40                     LD      DE, DIRPAGE
113+  113E 19                           ADD     HL, DE          ; HL = DIRPAGE + N*3
114+  113F D1                           POP     DE              ; DE = OFFSET
115+  1140 F1                           POP     AF              ; A = SEGMENT
116+  1141
117+  1141 77                           LD      (HL), A
118+  1142 23                           INC     HL
119+  1143 73                           LD      (HL), E
120+  1144 23                           INC     HL
121+  1145 72                           LD      (HL), D
122+  1146 C9                           RET
123+  1147
124+  1147
125+  1147              ; --- LINEREAD                  ----------------------------------------
126+  1147
127+  1147              ; - LINEREAD ---------
128+  1147              ; - LOAD LINE RECORD FROM TEXT SEGMENT INTO WORKBUF
129+  1147              ; - HL: LINE NUMBER (0-BASED)
130+  1147              ; -
131+  1147
132+  1147 CD 27 11     LINEREAD        CALL    DIRREAD         ; A=SEG, DE=OFFSET
133+  114A 47                           LD      B, A
134+  114B 3A 74 1B                     LD      A, (TXSEG)
135+  114E B8                           CP      B
136+  114F 28 07                        JR      Z, .SAME
137+  1151 78                           LD      A, B
138+  1152 32 74 1B                     LD      (TXSEG), A
139+  1155 CD C2 10                     CALL    PUTP2
140+  1158 21 00 80     .SAME           LD      HL, TXPAGE
141+  115B 19                           ADD     HL, DE          ; HL = SOURCE
142+  115C 11 81 1C                     LD      DE, WORKBUF
143+  115F 01 A1 00                     LD      BC, WORKSIZ
144+  1162 ED B0                        LDIR
145+  1164 C9                           RET
146+  1165
147+  1165
148+  1165              ; --- LINEWRT                   ----------------------------------------
149+  1165
150+  1165              ; - LINEWRT ----------
151+  1165              ; - WRITE WORKBUF BACK TO TEXT SEGMENT
152+  1165              ; - HL: LINE NUMBER
153+  1165              ; -
154+  1165
155+  1165              LINEWRT         ; TODO: IMPLEMENT REPACKING IF SIZE CHANGES
156+  1165                              ; FOR NOW, ASSUME FIXED SIZE OR SUFFICIENT SPACE
157+  1165 CD 27 11                     CALL    DIRREAD
158+  1168 47                           LD      B, A
159+  1169 3A 74 1B                     LD      A, (TXSEG)
160+  116C B8                           CP      B
161+  116D 28 07                        JR      Z, .SAME
162+  116F 78                           LD      A, B
163+  1170 32 74 1B                     LD      (TXSEG), A
164+  1173 CD C2 10                     CALL    PUTP2
165+  1176 EB           .SAME           EX      DE, HL
166+  1177 11 00 80                     LD      DE, TXPAGE
167+  117A 19                           ADD     HL, DE          ; HL = DEST
168+  117B EB                           EX      DE, HL
169+  117C 21 81 1C                     LD      HL, WORKBUF
170+  117F 01 A1 00                     LD      BC, WORKSIZ
171+  1182 ED B0                        LDIR
172+  1184 C9                           RET
173+  1185
174+  1185
175+  1185              ; --- LINEINS                   ----------------------------------------
176+  1185
177+  1185              ; - LINEINS ----------
178+  1185              ; - INSERT BLANK LINE AFTER LINE N
179+  1185              ; - HL: LINE NUMBER
180+  1185              ; -
181+  1185
182+  1185              LINEINS         ; TODO:
183+  1185 C9                           RET
184+  1186
185+  1186
186+  1186              ; --- LINEDEL                   ----------------------------------------
187+  1186
188+  1186              ; - LINEDEL ----------
189+  1186              ; - DELETE LINE N
190+  1186              ; - HL: LINE NUMBER
191+  1186              ; -
192+  1186
193+  1186              LINEDEL         ; TODO:
194+  1186 C9                           RET
195+  1187
# file closed: BUFFER.Z8A
 64   1187                              INCLUDE RENDER.Z8A
# file opened: RENDER.Z8A
  1+  1187              ;                                       ****************************************
  2+  1187              ;                                       * RENDERER                             *
  3+  1187              ;                                       ****************************************
  4+  1187
  5+  1187
  6+  1187              ; --- REDRAW                    ----------------------------------------
  7+  1187
  8+  1187              ; - REDRAW -----------
  9+  1187              ; - REDRAW ALL TEXT ROWS (TXRFIRST TO TXRLAST)
 10+  1187              ; -
 11+  1187
 12+  1187 06 01        REDRAW          LD      B, TXRFIRST
 13+  1189 C5           .ROWLOOP        PUSH    BC
 14+  118A CD 95 11                     CALL    RENDEROW
 15+  118D C1                           POP     BC
 16+  118E 04                           INC     B
 17+  118F 78                           LD      A, B
 18+  1190 FE 19                        CP      TXRLAST + 1
 19+  1192 20 F5                        JR      NZ, .ROWLOOP
 20+  1194 C9                           RET
 21+  1195
 22+  1195
 23+  1195              ; --- RENDEROW                  ----------------------------------------
 24+  1195
 25+  1195              ; - RENDEROW ---------
 26+  1195              ; - RENDER A SINGLE ROW (1-24) TO VRAM
 27+  1195              ; - B: ROW NUMBER (SCREEN SPACE)
 28+  1195              ; -
 29+  1195
 30+  1195 C5           RENDEROW        PUSH    BC
 31+  1196
 32+  1196                              ; 1. CALC DOC LINE: HL = TOPLINE + B - 1
 33+  1196 2A 78 1B                     LD      HL, (TOPLINE)
 34+  1199 78                           LD      A, B
 35+  119A D6 01                        SUB     TXRFIRST
 36+  119C 5F                           LD      E, A
 37+  119D 16 00                        LD      D, 0
 38+  119F 19                           ADD     HL, DE
 39+  11A0
 40+  11A0                              ; CHECK IF HL < TOTLINES
 41+  11A0 ED 5B 7C 1B                  LD      DE, (TOTLINES)
 42+  11A4 CD 71 04                     CALL    CMPHLDE
 43+  11A7 38 05                        JR      C, .VALID
 44+  11A9
 45+  11A9                              ; IF NOT VALID (BEYOND EOF), CLEAR ROW
 46+  11A9 CD 1D 12                     CALL    CLRROW
 47+  11AC C1                           POP     BC
 48+  11AD C9                           RET
 49+  11AE
 50+  11AE CD 47 11     .VALID          CALL    LINEREAD        ; LOAD RECORD INTO WORKBUF
 51+  11B1 C1                           POP     BC
 52+  11B2 C5                           PUSH    BC
 53+  11B3
 54+  11B3                              ; 2. CALC SCREEN DY (ROW * 8)
 55+  11B3 78                           LD      A, B
 56+  11B4 87                           ADD     A, A
 57+  11B5 87                           ADD     A, A
 58+  11B6 87                           ADD     A, A
 59+  11B7 6F                           LD      L, A
 60+  11B8 26 00                        LD      H, 0
 61+  11BA 22 71 1E                     LD      (VDP_DY), HL
 62+  11BD
 63+  11BD                              ; 3. RENDER COLS 0-79
 64+  11BD 0E 00                        LD      C, 0            ; COL COUNTER (0..79)
 65+  11BF C5           .COLLOOP        PUSH    BC              ; PRESERVE B=ROW, C=COL
 66+  11C0
 67+  11C0                              ; 4. CALC SCREEN DX (GUTL_PX + COL * 6)
 68+  11C0 79                           LD      A, C
 69+  11C1 6F                           LD      L, A
 70+  11C2 26 00                        LD      H, 0
 71+  11C4 29                           ADD     HL, HL          ; * 2
 72+  11C5 54                           LD      D, H
 73+  11C6 5D                           LD      E, L
 74+  11C7 29                           ADD     HL, HL          ; * 4
 75+  11C8 19                           ADD     HL, DE          ; * 6
 76+  11C9 11 18 00                     LD      DE, GUTL_PX
 77+  11CC 19                           ADD     HL, DE
 78+  11CD 22 6F 1E                     LD      (VDP_DX), HL
 79+  11D0
 80+  11D0                              ; 5. GET CHAR AND ATTR FROM WORKBUF
 81+  11D0 59                           LD      E, C
 82+  11D1 16 00                        LD      D, 0
 83+  11D3 21 82 1C                     LD      HL, WORKBUF + 1
 84+  11D6 19                           ADD     HL, DE
 85+  11D7 7E                           LD      A, (HL)         ; A = CHARCODE
 86+  11D8
 87+  11D8                              ; 6. CALC FONT SX/SY
 88+  11D8                              ; SX = (CHAR & 31) * 8
 89+  11D8 F5                           PUSH    AF
 90+  11D9 E6 1F                        AND     %00011111       ; CHAR & 31
 91+  11DB 6F                           LD      L, A
 92+  11DC 26 00                        LD      H, 0
 93+  11DE 29                           ADD     HL, HL          ; * 2
 94+  11DF 29                           ADD     HL, HL          ; * 4
 95+  11E0 29                           ADD     HL, HL          ; * 8
 96+  11E1 22 6B 1E                     LD      (VDP_SX), HL
 97+  11E4
 98+  11E4                              ; SY = FNORM_SY + (CHAR >> 5) * 8
 99+  11E4 F1                           POP     AF
100+  11E5 CB 3F                        SRL     A
101+  11E7 CB 3F                        SRL     A
102+  11E9 CB 3F                        SRL     A
103+  11EB CB 3F                        SRL     A
104+  11ED CB 3F                        SRL     A               ; CHAR >> 5 (0..7)
105+  11EF 87                           ADD     A, A
106+  11F0 87                           ADD     A, A
107+  11F1 87                           ADD     A, A            ; * 8
108+  11F2 6F                           LD      L, A
109+  11F3 26 00                        LD      H, 0
110+  11F5 11 E0 00                     LD      DE, FNORM_SY
111+  11F8 19                           ADD     HL, DE
112+  11F9 22 6D 1E                     LD      (VDP_SY), HL
113+  11FC
114+  11FC                              ; 7. ISSUE LMMM
115+  11FC 21 06 00                     LD      HL, 6           ; NX = 6 DOTS
116+  11FF 22 73 1E                     LD      (VDP_NX), HL
117+  1202 21 08 00                     LD      HL, 8           ; NY = 8 DOTS (16-BIT)
118+  1205 22 75 1E                     LD      (VDP_NY), HL
119+  1208 AF                           XOR     A
120+  1209 32 78 1E                     LD      (VDP_ARG), A
121+  120C
122+  120C 21 6B 1E                     LD      HL, VDPCMBLK
123+  120F 3E 90                        LD      A, VDP_LMMM | VDP_IMP
124+  1211 CD F4 06                     CALL    LMMM
125+  1214
126+  1214 C1                           POP     BC              ; RESTORE B=ROW, C=COL
127+  1215 0C                           INC     C
128+  1216 79                           LD      A, C
129+  1217 FE 50                        CP      TEXTCOLS        ; 80
130+  1219 20 A4                        JR      NZ, .COLLOOP
131+  121B
132+  121B C1                           POP     BC
133+  121C C9                           RET
134+  121D
135+  121D
136+  121D              ; --- CLRROW                    ----------------------------------------
137+  121D
138+  121D
139+  121D              ; - CLRROW -----------------------------
140+  121D              ; - CLEAR ROW B WITH BACKGROUND COLOR
141+  121D              ; - IN:  B = SCREEN ROW (1..24)
142+  121D              ; - OUT: NONE
143+  121D              ; - CLOBBERS: AF, DE, HL
144+  121D              ; -
145+  121D
146+  121D 78           CLRROW          LD      A, B
147+  121E 87                           ADD     A, A
148+  121F 87                           ADD     A, A
149+  1220 87                           ADD     A, A
150+  1221 6F                           LD      L, A
151+  1222 26 00                        LD      H, 0
152+  1224 22 71 1E                     LD      (VDP_DY), HL
153+  1227
154+  1227 21 00 00                     LD      HL, 0
155+  122A 22 6B 1E                     LD      (VDP_SX), HL
156+  122D 22 6D 1E                     LD      (VDP_SY), HL
157+  1230
158+  1230 21 18 00                     LD      HL, GUTL_PX
159+  1233 22 6F 1E                     LD      (VDP_DX), HL
160+  1236
161+  1236 21 E0 01                     LD      HL, TXAREAPX
162+  1239 22 73 1E                     LD      (VDP_NX), HL
163+  123C
164+  123C 21 08 00                     LD      HL, 8           ; NY = 8 (16-BIT)
165+  123F 22 75 1E                     LD      (VDP_NY), HL
166+  1242
167+  1242 3E 00                        LD      A, CLR_BG
168+  1244 32 77 1E                     LD      (VDP_CLR), A
169+  1247
170+  1247 AF                           XOR     A
171+  1248 32 78 1E                     LD      (VDP_ARG), A
172+  124B
173+  124B 21 6B 1E                     LD      HL, VDPCMBLK
174+  124E CD C7 06                     CALL    HMMV
175+  1251 C9                           RET
176+  1252
# file closed: RENDER.Z8A
 65   1252                              INCLUDE SCROLL.Z8A
# file opened: SCROLL.Z8A
  1+  1252              ;                                       ****************************************
  2+  1252              ;                                       * SCROLL ENGINE                        *
  3+  1252              ;                                       ****************************************
  4+  1252
  5+  1252
  6+  1252              ; --- SCROLLDN                  ----------------------------------------
  7+  1252
  8+  1252              ; - SCROLLDN ---------
  9+  1252              ; - SCROLL TEXT AREA UP (8PX) TO SHOW NEXT LINE
 10+  1252              ; -
 11+  1252
 12+  1252 DD 21 6B 1E  SCROLLDN        LD      IX, VDPCMBLK
 13+  1256
 14+  1256                              ; 1. MOVE 480X192 AREA (ROW 2..25 -> ROW 1..24)
 15+  1256 21 18 00                     LD      HL, TXORG_X     ; 24
 16+  1259 22 6B 1E                     LD      (VDP_SX), HL
 17+  125C 3E 10                        LD      A, TXORG_Y + 8  ; ROW 2 (START AT 16PX)
 18+  125E 6F                           LD      L, A
 19+  125F 26 00                        LD      H, 0
 20+  1261 22 6D 1E                     LD      (VDP_SY), HL
 21+  1264
 22+  1264 21 18 00                     LD      HL, TXORG_X     ; 24
 23+  1267 22 6F 1E                     LD      (VDP_DX), HL
 24+  126A 3E 08                        LD      A, TXORG_Y      ; ROW 1 (TARGET AT 8PX)
 25+  126C 6F                           LD      L, A
 26+  126D 26 00                        LD      H, 0
 27+  126F 22 71 1E                     LD      (VDP_DY), HL
 28+  1272
 29+  1272 21 E0 01                     LD      HL, TXAREAPX    ; 480
 30+  1275 22 73 1E                     LD      (VDP_NX), HL
 31+  1278 3E C0                        LD      A, 192          ; 24 ROWS * 8PX = 192PX
 32+  127A 6F                           LD      L, A
 33+  127B 26 00                        LD      H, 0
 34+  127D 22 75 1E                     LD      (VDP_NY), HL
 35+  1280
 36+  1280 AF                           XOR     A               ; ARG = 0
 37+  1281 32 78 1E                     LD      (VDP_ARG), A
 38+  1284 CD D6 06                     CALL    HMMM
 39+  1287
 40+  1287                              ; 2. CLEAR BOTTOM ROW (ROW 24)
 41+  1287 21 18 00                     LD      HL, TXORG_X
 42+  128A 22 6F 1E                     LD      (VDP_DX), HL
 43+  128D 3E C0                        LD      A, TXORG_Y + 184 ; DY = 8 + 23 * 8 = 192
 44+  128F 6F                           LD      L, A
 45+  1290 26 00                        LD      H, 0
 46+  1292 22 71 1E                     LD      (VDP_DY), HL
 47+  1295 3E 08                        LD      A, 8            ; NY
 48+  1297 6F                           LD      L, A
 49+  1298 26 00                        LD      H, 0
 50+  129A 22 75 1E                     LD      (VDP_NY), HL
 51+  129D AF                           XOR     A               ; COLOR 0
 52+  129E 32 77 1E                     LD      (VDP_CLR), A
 53+  12A1 CD C7 06                     CALL    HMMV
 54+  12A4 C9                           RET
 55+  12A5
# file closed: SCROLL.Z8A
 66   12A5                              INCLUDE EDIT.Z8A
# file opened: EDIT.Z8A
  1+  12A5              ;                                       ****************************************
  2+  12A5              ;                                       * EDIT OPERATIONS                      *
  3+  12A5              ;                                       ****************************************
  4+  12A5              ;
  5+  12A5              ; ALL EDITING OPERATIONS WORK ON WORKBUF (CURRENT LINE LOADED BY LINEREAD).
  6+  12A5              ; AFTER #EAC EDIT: LINEWRT TO PERSIST, PUTLINE TO RE-RENDER, DRWGUT.
  7+  12A5
  8+  12A5
  9+  12A5              ; --- EDINSCHR                 ----------------------------------------
 10+  12A5
 11+  12A5              ; --- EDINSCHR                 ----------------------------------------
 12+  12A5
 13+  12A5
 14+  12A5              ; - EDINSCHR ---------------------------
 15+  12A5              ; - INSERT CHARACTER AT CURSOR POSITION
 16+  12A5              ; - IN:  A = CHAR CODE
 17+  12A5              ; - OUT: NONE
 18+  12A5              ; - CLOBBERS: ALL
 19+  12A5              ; -
 20+  12A5
 21+  12A5 F5           EDINSCHR        PUSH    AF
 22+  12A6 2A 7A 1B                     LD      HL, (DOCLINE)
 23+  12A9 CD 47 11                     CALL    LINEREAD
 24+  12AC F1                           POP     AF
 25+  12AD
 26+  12AD 4F                           LD      C, A            ; C = CHAR TO INSERT
 27+  12AE 3A 75 1B                     LD      A, (CURX)
 28+  12B1 FE 50                        CP      TEXTCOLS        ; 80
 29+  12B3 D0                           RET     NC              ; CURX >= 80, CANNOT INSERT
 30+  12B4
 31+  12B4                              ; SHIFT RIGHT FROM COL 79 DOWN TO CURX + 1
 32+  12B4 06 4F                        LD      B, 79
 33+  12B6 78           .SHIFTRP        LD      A, B
 34+  12B7 21 75 1B                     LD      HL, CURX
 35+  12BA BE                           CP      (HL)
 36+  12BB 28 0D                        JR      Z, .SETCHR
 37+  12BD
 38+  12BD 58                           LD      E, B
 39+  12BE 16 00                        LD      D, 0
 40+  12C0 21 81 1C                     LD      HL, WORKBUF
 41+  12C3 19                           ADD     HL, DE          ; HL = WORKBUF + B (PREV COL)
 42+  12C4 7E                           LD      A, (HL)
 43+  12C5 23                           INC     HL              ; HL = WORKBUF + 1 + B (THIS COL)
 44+  12C6 77                           LD      (HL), A
 45+  12C7 05                           DEC     B
 46+  12C8 18 EC                        JR      .SHIFTRP
 47+  12CA
 48+  12CA              .SETCHR         ; PUT CHAR C AT WORKBUF + 1 + CURX
 49+  12CA 3A 75 1B                     LD      A, (CURX)
 50+  12CD 5F                           LD      E, A
 51+  12CE 16 00                        LD      D, 0
 52+  12D0 21 82 1C                     LD      HL, WORKBUF + 1
 53+  12D3 19                           ADD     HL, DE
 54+  12D4 71                           LD      (HL), C
 55+  12D5
 56+  12D5                              ; UPDATE LINE LENGTH IF NEEDED
 57+  12D5 3A 81 1C                     LD      A, (WORKBUF)
 58+  12D8 FE 50                        CP      TEXTCOLS
 59+  12DA 30 04                        JR      NC, .LENOK
 60+  12DC 3C                           INC     A
 61+  12DD 32 81 1C                     LD      (WORKBUF), A
 62+  12E0              .LENOK          ; WRITE LINE TO MAPPER
 63+  12E0 2A 7A 1B                     LD      HL, (DOCLINE)
 64+  12E3 CD 65 11                     CALL    LINEWRT
 65+  12E6
 66+  12E6                              ; RE-RENDER CURRENT ROW
 67+  12E6 3A 76 1B                     LD      A, (CURY)
 68+  12E9 3C                           INC     A
 69+  12EA 47                           LD      B, A            ; B = SCREEN ROW (1..24)
 70+  12EB CD 95 11                     CALL    RENDEROW
 71+  12EE
 72+  12EE                              ; ADVANCE CURSOR
 73+  12EE 3A 75 1B                     LD      A, (CURX)
 74+  12F1 3C                           INC     A
 75+  12F2 FE 50                        CP      TEXTCOLS
 76+  12F4 30 03                        JR      NC, .NOMOV
 77+  12F6 32 75 1B                     LD      (CURX), A
 78+  12F9 3E FF        .NOMOV          LD      A, #FF
 79+  12FB 32 7E 1B                     LD      (MODIFIED), A
 80+  12FE C9                           RET
 81+  12FF
 82+  12FF
 83+  12FF              ; --- EDOVRCHR                  ----------------------------------------
 84+  12FF
 85+  12FF
 86+  12FF              ; - EDOVRCHR ---------------------------
 87+  12FF              ; - OVERWRITE CHARACTER AT CURSOR
 88+  12FF              ; - IN:  A = CHAR CODE
 89+  12FF              ; - OUT: NONE
 90+  12FF              ; - CLOBBERS: ALL
 91+  12FF              ; -
 92+  12FF
 93+  12FF CD A5 12     EDOVRCHR        CALL    EDINSCHR        ; FOR NOW, ROUTE TO INSERT
 94+  1302 C9                           RET
 95+  1303
 96+  1303
 97+  1303              ; --- EDDELBK                 ----------------------------------------
 98+  1303
 99+  1303
100+  1303              ; - EDDELBK ----------------------------
101+  1303              ; - DELETE CHARACTER BEFORE CURSOR (BACKSPACE)
102+  1303              ; - IN:  NONE
103+  1303              ; - OUT: NONE
104+  1303              ; - CLOBBERS: ALL
105+  1303              ; -
106+  1303
107+  1303 3A 75 1B     EDDELBK         LD      A, (CURX)
108+  1306 B7                           OR      A
109+  1307 C8                           RET     Z               ; AT COL 0, CANNOT BACKSPACE
110+  1308 3D                           DEC     A
111+  1309 32 75 1B                     LD      (CURX), A
112+  130C
113+  130C                              ; LOAD LINE RECORD
114+  130C 2A 7A 1B                     LD      HL, (DOCLINE)
115+  130F CD 47 11                     CALL    LINEREAD
116+  1312
117+  1312                              ; SHIFT LEFT FROM CURX UP TO COL 78
118+  1312 3A 75 1B                     LD      A, (CURX)
119+  1315 47                           LD      B, A
120+  1316 78           .SHIFTLP        LD      A, B
121+  1317 FE 4F                        CP      79
122+  1319 28 0D                        JR      Z, .BLANKLST
123+  131B 58                           LD      E, B
124+  131C 16 00                        LD      D, 0
125+  131E 21 83 1C                     LD      HL, WORKBUF + 2 ; SOURCE: WORKBUF + 1 + B + 1
126+  1321 19                           ADD     HL, DE
127+  1322 7E                           LD      A, (HL)
128+  1323 2B                           DEC     HL              ; DEST: WORKBUF + 1 + B
129+  1324 77                           LD      (HL), A
130+  1325 04                           INC     B
131+  1326 18 EE                        JR      .SHIFTLP
132+  1328
133+  1328 21 D1 1C     .BLANKLST       LD      HL, WORKBUF + 80
134+  132B 36 20                        LD      (HL), ' '       ; BLANK LAST COL
135+  132D
136+  132D                              ; DECREASE LINE LENGTH IF > 0
137+  132D 3A 81 1C                     LD      A, (WORKBUF)
138+  1330 B7                           OR      A
139+  1331 28 04                        JR      Z, .DELWRT
140+  1333 3D                           DEC     A
141+  1334 32 81 1C                     LD      (WORKBUF), A
142+  1337
143+  1337 2A 7A 1B     .DELWRT         LD      HL, (DOCLINE)
144+  133A CD 65 11                     CALL    LINEWRT
145+  133D
146+  133D 3A 76 1B                     LD      A, (CURY)
147+  1340 3C                           INC     A
148+  1341 47                           LD      B, A
149+  1342 CD 95 11                     CALL    RENDEROW
150+  1345
151+  1345 3E FF                        LD      A, #FF
152+  1347 32 7E 1B                     LD      (MODIFIED), A
153+  134A C9                           RET
154+  134B
155+  134B
156+  134B              ; --- EDDELCHR                  ----------------------------------------
157+  134B
158+  134B
159+  134B              ; - EDDELCHR ---------------------------
160+  134B              ; - DELETE CHARACTER AT CURSOR (DEL KEY)
161+  134B              ; - IN:  NONE
162+  134B              ; - OUT: NONE
163+  134B              ; - CLOBBERS: ALL
164+  134B              ; -
165+  134B
166+  134B 2A 7A 1B     EDDELCHR        LD      HL, (DOCLINE)
167+  134E CD 47 11                     CALL    LINEREAD
168+  1351
169+  1351 3A 75 1B                     LD      A, (CURX)
170+  1354 47                           LD      B, A
171+  1355 78           .DCHSHFT        LD      A, B
172+  1356 FE 4F                        CP      79
173+  1358 28 0D                        JR      Z, .DCHLAST
174+  135A 58                           LD      E, B
175+  135B 16 00                        LD      D, 0
176+  135D 21 83 1C                     LD      HL, WORKBUF + 2
177+  1360 19                           ADD     HL, DE
178+  1361 7E                           LD      A, (HL)
179+  1362 2B                           DEC     HL
180+  1363 77                           LD      (HL), A
181+  1364 04                           INC     B
182+  1365 18 EE                        JR      .DCHSHFT
183+  1367
184+  1367 21 D1 1C     .DCHLAST        LD      HL, WORKBUF + 80
185+  136A 36 20                        LD      (HL), ' '
186+  136C
187+  136C 3A 81 1C                     LD      A, (WORKBUF)
188+  136F B7                           OR      A
189+  1370 28 04                        JR      Z, .DCHWRT
190+  1372 3D                           DEC     A
191+  1373 32 81 1C                     LD      (WORKBUF), A
192+  1376
193+  1376 2A 7A 1B     .DCHWRT         LD      HL, (DOCLINE)
194+  1379 CD 65 11                     CALL    LINEWRT
195+  137C
196+  137C 3A 76 1B                     LD      A, (CURY)
197+  137F 3C                           INC     A
198+  1380 47                           LD      B, A
199+  1381 CD 95 11                     CALL    RENDEROW
200+  1384
201+  1384 3E FF                        LD      A, #FF
202+  1386 32 7E 1B                     LD      (MODIFIED), A
203+  1389 C9                           RET
204+  138A
205+  138A
206+  138A              ; --- EDNWLIN                 ----------------------------------------
207+  138A
208+  138A
209+  138A              ; - EDNWLIN ----------------------------
210+  138A              ; - INSERT LINE BREAK / NEWLINE AT CURSOR
211+  138A              ; - IN:  NONE
212+  138A              ; - OUT: NONE
213+  138A              ; - CLOBBERS: ALL
214+  138A              ; -
215+  138A
216+  138A AF           EDNWLIN         XOR     A
217+  138B 32 75 1B                     LD      (CURX), A       ; CURX = 0
218+  138E
219+  138E 2A 7A 1B                     LD      HL, (DOCLINE)
220+  1391 23                           INC     HL
221+  1392 ED 5B 7C 1B                  LD      DE, (TOTLINES)
222+  1396 CD 71 04                     CALL    CMPHLDE
223+  1399 38 3A                        JR      C, .JUSTMOV     ; IF DOCLINE + 1 < TOTLINES, JUST MOVE DOWN
224+  139B
225+  139B                              ; AT END OF DOCUMENT: APPEND NEW LINE RECORD
226+  139B CD 92 10                     CALL    ALLSEG
227+  139E 32 74 1B                     LD      (TXSEG), A
228+  13A1 CD C2 10                     CALL    PUTP2
229+  13A4 AF                           XOR     A
230+  13A5 32 00 80                     LD      (TXPAGE), A     ; LEN = 0
231+  13A8 21 01 80                     LD      HL, TXPAGE + 1
232+  13AB 36 20                        LD      (HL), ' '
233+  13AD 11 02 80                     LD      DE, TXPAGE + 2
234+  13B0 01 4F 00                     LD      BC, 79
235+  13B3 ED B0                        LDIR
236+  13B5 21 51 80                     LD      HL, TXPAGE + 81
237+  13B8 36 00                        LD      (HL), 0
238+  13BA 11 52 80                     LD      DE, TXPAGE + 82
239+  13BD 01 4F 00                     LD      BC, 79
240+  13C0 ED B0                        LDIR
241+  13C2
242+  13C2 2A 7C 1B                     LD      HL, (TOTLINES)
243+  13C5 3A 74 1B                     LD      A, (TXSEG)
244+  13C8 11 00 00                     LD      DE, 0
245+  13CB CD 35 11                     CALL    DIRWRITE
246+  13CE
247+  13CE 2A 7C 1B                     LD      HL, (TOTLINES)
248+  13D1 23                           INC     HL
249+  13D2 22 7C 1B                     LD      (TOTLINES), HL
250+  13D5
251+  13D5 3E 1F        .JUSTMOV        LD      A, CDOWN
252+  13D7 CD F4 13                     CALL    EDMOVROW
253+  13DA C9                           RET
254+  13DB
255+  13DB
256+  13DB              ; --- EDMOVCHR                  ----------------------------------------
257+  13DB
258+  13DB
259+  13DB              ; - EDMOVCHR ---------------------------
260+  13DB              ; - MOVE CURSOR LEFT OR RIGHT ONE CHAR
261+  13DB              ; - IN:  A = CRIGHT OR CLEFT
262+  13DB              ; - OUT: NONE
263+  13DB              ; - CLOBBERS: AF
264+  13DB              ; -
265+  13DB
266+  13DB FE 1C        EDMOVCHR        CP      CRIGHT
267+  13DD 28 0A                        JR      Z, .RIGHT
268+  13DF
269+  13DF                              ; CLEFT:
270+  13DF 3A 75 1B                     LD      A, (CURX)
271+  13E2 B7                           OR      A
272+  13E3 C8                           RET     Z               ; AT COL 0
273+  13E4 3D                           DEC     A
274+  13E5 32 75 1B                     LD      (CURX), A
275+  13E8 C9                           RET
276+  13E9
277+  13E9 3A 75 1B     .RIGHT          LD      A, (CURX)
278+  13EC 3C                           INC     A
279+  13ED FE 50                        CP      TEXTCOLS        ; 80
280+  13EF D0                           RET     NC              ; CLAMP TO COL 79
281+  13F0 32 75 1B                     LD      (CURX), A
282+  13F3 C9                           RET
283+  13F4
284+  13F4
285+  13F4              ; --- EDMOVROW                  ----------------------------------------
286+  13F4
287+  13F4
288+  13F4              ; - EDMOVROW ---------------------------
289+  13F4              ; - MOVE CURSOR UP OR DOWN ONE ROW
290+  13F4              ; - IN:  A = CUP OR CDOWN
291+  13F4              ; - OUT: NONE
292+  13F4              ; - CLOBBERS: ALL
293+  13F4              ; -
294+  13F4
295+  13F4 FE 1F        EDMOVROW        CP      CDOWN
296+  13F6 28 20                        JR      Z, .DOWN
297+  13F8
298+  13F8                              ; CUP:
299+  13F8 2A 7A 1B                     LD      HL, (DOCLINE)
300+  13FB 7C                           LD      A, H
301+  13FC B5                           OR      L
302+  13FD C8                           RET     Z               ; AT TOP OF DOCUMENT
303+  13FE 2B                           DEC     HL
304+  13FF 22 7A 1B                     LD      (DOCLINE), HL
305+  1402 3A 76 1B                     LD      A, (CURY)
306+  1405 B7                           OR      A
307+  1406 28 05                        JR      Z, .SCRLUP
308+  1408 3D                           DEC     A
309+  1409 32 76 1B                     LD      (CURY), A
310+  140C C9                           RET
311+  140D
312+  140D 2A 78 1B     .SCRLUP         LD      HL, (TOPLINE)
313+  1410 2B                           DEC     HL
314+  1411 22 78 1B                     LD      (TOPLINE), HL
315+  1414 CD 87 11                     CALL    REDRAW
316+  1417 C9                           RET
317+  1418
318+  1418              .DOWN           ; CDOWN:
319+  1418 2A 7A 1B                     LD      HL, (DOCLINE)
320+  141B 23                           INC     HL
321+  141C ED 5B 7C 1B                  LD      DE, (TOTLINES)
322+  1420 CD 71 04                     CALL    CMPHLDE
323+  1423 D0                           RET     NC              ; AT BOTTOM OF DOCUMENT
324+  1424 22 7A 1B                     LD      (DOCLINE), HL
325+  1427 3A 76 1B                     LD      A, (CURY)
326+  142A FE 17                        CP      SCRROWS - 1     ; 23
327+  142C 28 05                        JR      Z, .SCRLDN
328+  142E 3C                           INC     A
329+  142F 32 76 1B                     LD      (CURY), A
330+  1432 C9                           RET
331+  1433
332+  1433 2A 78 1B     .SCRLDN         LD      HL, (TOPLINE)
333+  1436 23                           INC     HL
334+  1437 22 78 1B                     LD      (TOPLINE), HL
335+  143A CD 87 11                     CALL    REDRAW
336+  143D C9                           RET
337+  143E
338+  143E
339+  143E              ; --- EDQUIT                    ----------------------------------------
340+  143E
341+  143E
342+  143E              ; - EDQUIT -----------------------------
343+  143E              ; - EXIT EDITOR
344+  143E              ; - IN:  NONE
345+  143E              ; - OUT: NONE
346+  143E              ; - CLOBBERS: ALL
347+  143E              ; -
348+  143E
349+  143E C3 4D 03     EDQUIT          JP      TERM
350+  1441
# file closed: EDIT.Z8A
 67   1441                              INCLUDE INPUT.Z8A
# file opened: INPUT.Z8A
  1+  1441              ;                                       ****************************************
  2+  1441              ;                                       * INPUT                                *
  3+  1441              ;                                       ****************************************
  4+  1441              ;
  5+  1441              ; KEYBOARD INPUT AND MAIN DISPATCH LOOP.
  6+  1441              ; USES BDOS _DIRIO (#06) FOR NON-BLOCKING CONSOLE INPUT.
  7+  1441              ; CURSOR BLINKING TIMED VIA SYSTEM JIFFY (#FC9E).
  8+  1441
  9+  1441
 10+  1441              ; --- MAINLOOP                  ----------------------------------------
 11+  1441
 12+  1441
 13+  1441              ; - MAINLOOP ---------------------------
 14+  1441              ; - MAIN EDITOR EVENT LOOP
 15+  1441              ; - IN:  NONE
 16+  1441              ; - OUT: NONE
 17+  1441              ; - CLOBBERS: ALL
 18+  1441              ; -
 19+  1441
 20+  1441              MAINLOOP        ; POLL KEYBOARD VIA BIOS CHSNS (#009C)
 21+  1441 DD 21 9C 00                  LD      IX, CHSNS
 22+  1445 CD 53 04                     CALL    BIOSCALL
 23+  1448 20 1E                        JR      NZ, .KEYHIT
 24+  144A
 25+  144A                              ; NO KEY: UPDATE CURSOR BLINK USING JIFFY
 26+  144A 3A 9E FC                     LD      A, (JIFFY)
 27+  144D 21 82 1B                     LD      HL, BLNKCNT
 28+  1450 96                           SUB     (HL)
 29+  1451 FE 14                        CP      20              ; ~1/3 SECOND (20 TICKS AT 50/60HZ)
 30+  1453 38 EC                        JR      C, MAINLOOP
 31+  1455
 32+  1455                              ; TOGGLE CURSOR BLINK PHASE
 33+  1455 3A 9E FC                     LD      A, (JIFFY)
 34+  1458 32 82 1B                     LD      (BLNKCNT), A
 35+  145B CD 4F 17                     CALL    DRWCUR          ; TOGGLES XOR OVERLAY
 36+  145E 3A 81 1B                     LD      A, (BLNKPH)
 37+  1461 EE 01                        XOR     1
 38+  1463 32 81 1B                     LD      (BLNKPH), A
 39+  1466 18 D9                        JR      MAINLOOP
 40+  1468
 41+  1468              .KEYHIT         ; IF CURSOR IS VISIBLE, ERASE BEFORE EDITING/MOVING
 42+  1468 3A 81 1B                     LD      A, (BLNKPH)
 43+  146B A7                           AND     A
 44+  146C 28 07                        JR      Z, .NOERASE
 45+  146E CD 4F 17                     CALL    DRWCUR
 46+  1471 AF                           XOR     A
 47+  1472 32 81 1B                     LD      (BLNKPH), A
 48+  1475              .NOERASE        ; READ KEY FROM KEYBOARD BUFFER VIA BIOS CHGET (#009F)
 49+  1475 DD 21 9F 00                  LD      IX, CHGET
 50+  1479 CD 53 04                     CALL    BIOSCALL
 51+  147C
 52+  147C                              ; DISPATCH SPECIAL AND CONTROL KEYS
 53+  147C FE 1B                        CP      ESC
 54+  147E CA 4D 03                     JP      Z, TERM
 55+  1481 FE 11                        CP      CTRL_Q
 56+  1483 CA 4D 03                     JP      Z, TERM
 57+  1486
 58+  1486 FE 13                        CP      CTRL_S
 59+  1488 20 05                        JR      NZ, .NOTSAVE
 60+  148A CD C4 18                     CALL    FILESAVE
 61+  148D 18 59                        JR      .DRAWCUR
 62+  148F
 63+  148F FE 1C        .NOTSAVE        CP      CRIGHT
 64+  1491 20 05                        JR      NZ, .NOTR
 65+  1493 CD DB 13                     CALL    EDMOVCHR
 66+  1496 18 50                        JR      .DRAWCUR
 67+  1498
 68+  1498 FE 1D        .NOTR           CP      CLEFT
 69+  149A 20 05                        JR      NZ, .NOTL
 70+  149C CD DB 13                     CALL    EDMOVCHR
 71+  149F 18 47                        JR      .DRAWCUR
 72+  14A1
 73+  14A1 FE 1F        .NOTL           CP      CDOWN
 74+  14A3 20 05                        JR      NZ, .NOTDN
 75+  14A5 CD F4 13                     CALL    EDMOVROW
 76+  14A8 18 3E                        JR      .DRAWCUR
 77+  14AA
 78+  14AA FE 1E        .NOTDN          CP      CUP
 79+  14AC 20 05                        JR      NZ, .NOTUP
 80+  14AE CD F4 13                     CALL    EDMOVROW
 81+  14B1 18 35                        JR      .DRAWCUR
 82+  14B3
 83+  14B3 FE 0D        .NOTUP          CP      CR
 84+  14B5 20 05                        JR      NZ, .NOTCR
 85+  14B7 CD 8A 13                     CALL    EDNWLIN
 86+  14BA 18 2C                        JR      .DRAWCUR
 87+  14BC
 88+  14BC FE 08        .NOTCR          CP      BS
 89+  14BE 20 05                        JR      NZ, .NOTBS
 90+  14C0 CD 03 13                     CALL    EDDELBK
 91+  14C3 18 23                        JR      .DRAWCUR
 92+  14C5
 93+  14C5 FE 7F        .NOTBS          CP      DEL
 94+  14C7 20 05                        JR      NZ, .NOTDEL
 95+  14C9 CD 4B 13                     CALL    EDDELCHR
 96+  14CC 18 1A                        JR      .DRAWCUR
 97+  14CE
 98+  14CE              .NOTDEL         ; PRINTABLE ASCII CHAR CHECK (#20..#7E)
 99+  14CE FE 20                        CP      #20
100+  14D0 38 16                        JR      C, .DRAWCUR     ; IGNORE UNHANDLED CONTROL CODES
101+  14D2 FE 7F                        CP      #7F
102+  14D4 30 12                        JR      NC, .DRAWCUR    ; IGNORE #7F AND ABOVE
103+  14D6
104+  14D6                              ; INSERT OR OVERWRITE MODE
105+  14D6 F5                           PUSH    AF
106+  14D7 3A 7F 1B                     LD      A, (INSMODE)
107+  14DA FE 01                        CP      INS_MODE
108+  14DC 20 06                        JR      NZ, .DOWRITE
109+  14DE F1                           POP     AF
110+  14DF CD A5 12                     CALL    EDINSCHR
111+  14E2 18 04                        JR      .DRAWCUR
112+  14E4
113+  14E4 F1           .DOWRITE        POP     AF
114+  14E5 CD FF 12                     CALL    EDOVRCHR
115+  14E8
116+  14E8              .DRAWCUR        ; REDRAW CURSOR AT CURRENT POSITION & RESET BLINK
117+  14E8 CD 4F 17                     CALL    DRWCUR
118+  14EB 3E 01                        LD      A, 1
119+  14ED 32 81 1B                     LD      (BLNKPH), A
120+  14F0 3A 9E FC                     LD      A, (JIFFY)
121+  14F3 32 82 1B                     LD      (BLNKCNT), A
122+  14F6 C3 41 14                     JP      MAINLOOP
123+  14F9
# file closed: INPUT.Z8A
 68   14F9                              INCLUDE UI.Z8A
# file opened: UI.Z8A
  1+  14F9              ;                                       ****************************************
  2+  14F9              ;                                       * UI — STATUS BAR / GUTTERS / CURSOR  *
  3+  14F9              ;                                       ****************************************
  4+  14F9
  5+  14F9
  6+  14F9              ; --- DRWSTAT                ----------------------------------------
  7+  14F9
  8+  14F9              ; - DRWSTAT -------
  9+  14F9              ; - DRAW / REFRESH STATUS BAR (ROW 25)
 10+  14F9              ; - FORMAT: " LANG | INS | LN:NNNNN/NNNNN  COL:NNN | FILENAME"
 11+  14F9              ; -
 12+  14F9
 13+  14F9              ; --- DRWSTAT                ----------------------------------------
 14+  14F9
 15+  14F9
 16+  14F9              ; --- DRWSTAT                ----------------------------------------
 17+  14F9
 18+  14F9
 19+  14F9              ; - DRWSTAT ----------------------------
 20+  14F9              ; - DRAW / REFRESH STATUS BAR (ROW 25)
 21+  14F9              ; - IN:  NONE
 22+  14F9              ; - OUT: NONE
 23+  14F9              ; - CLOBBERS: ALL
 24+  14F9              ; -
 25+  14F9
 26+  14F9 21 00 00     DRWSTAT         LD      HL, 0
 27+  14FC 22 6B 1E                     LD      (VDP_SX), HL
 28+  14FF 22 6D 1E                     LD      (VDP_SY), HL
 29+  1502 22 6F 1E                     LD      (VDP_DX), HL
 30+  1505 21 C8 00                     LD      HL, 200         ; DY = ROW 25 * 8
 31+  1508 22 71 1E                     LD      (VDP_DY), HL
 32+  150B 21 00 02                     LD      HL, 512         ; NX
 33+  150E 22 73 1E                     LD      (VDP_NX), HL
 34+  1511 21 0C 00                     LD      HL, 12          ; NY
 35+  1514 22 75 1E                     LD      (VDP_NY), HL
 36+  1517 3E AA                        LD      A, CLR_UI
 37+  1519 32 77 1E                     LD      (VDP_CLR), A
 38+  151C AF                           XOR     A
 39+  151D 32 78 1E                     LD      (VDP_ARG), A
 40+  1520 21 6B 1E                     LD      HL, VDPCMBLK
 41+  1523 CD C7 06                     CALL    HMMV
 42+  1526
 43+  1526                              ; PRINT STATUS TEXT
 44+  1526 21 33 15                     LD      HL, STATEXT
 45+  1529 11 06 00                     LD      DE, 6           ; DX = 6
 46+  152C 01 CA 00                     LD      BC, 202         ; DY = 202
 47+  152F CD 0E 17                     CALL    BLTSTR
 48+  1532 C9                           RET
 49+  1533
 50+  1533 4C 6E 20 31  STATEXT         DEFM    "Ln 1, Col 1 | TEST.TXT", 0
 50+  1537 2C 20 43 6F
 50+  153B 6C 20 31 20
 50+  153F 7C 20 54 45
 50+  1543 53 54 2E 54
 50+  1547 58 54 00
 51+  154A
 52+  154A
 53+  154A              ; --- DRWMENU               ----------------------------------------
 54+  154A
 55+  154A
 56+  154A              ; - DRWMENU ----------------------------
 57+  154A              ; - DRAW MENU BAR (ROW 0, ALWAYS VISIBLE)
 58+  154A              ; - IN:  NONE
 59+  154A              ; - OUT: NONE
 60+  154A              ; - CLOBBERS: ALL
 61+  154A              ; -
 62+  154A
 63+  154A 21 00 00     DRWMENU         LD      HL, 0
 64+  154D 22 6B 1E                     LD      (VDP_SX), HL
 65+  1550 22 6D 1E                     LD      (VDP_SY), HL
 66+  1553 22 6F 1E                     LD      (VDP_DX), HL
 67+  1556 22 71 1E                     LD      (VDP_DY), HL    ; DY = 0
 68+  1559 21 00 02                     LD      HL, 512
 69+  155C 22 73 1E                     LD      (VDP_NX), HL
 70+  155F 21 08 00                     LD      HL, 8           ; NY = 8
 71+  1562 22 75 1E                     LD      (VDP_NY), HL
 72+  1565 3E AA                        LD      A, CLR_UI
 73+  1567 32 77 1E                     LD      (VDP_CLR), A
 74+  156A AF                           XOR     A
 75+  156B 32 78 1E                     LD      (VDP_ARG), A
 76+  156E 21 6B 1E                     LD      HL, VDPCMBLK
 77+  1571 CD C7 06                     CALL    HMMV
 78+  1574
 79+  1574                              ; PRINT MENU TEXT
 80+  1574 21 81 15                     LD      HL, MNUTEXT
 81+  1577 11 06 00                     LD      DE, 6           ; DX = 6
 82+  157A 01 00 00                     LD      BC, 0           ; DY = 0
 83+  157D CD 0E 17                     CALL    BLTSTR
 84+  1580 C9                           RET
 85+  1581
 86+  1581 53 36 45 44  MNUTEXT         DEFM    "S6ED v0.1 | [F1] Help  [F2] Save  [ESC] Quit", 0
 86+  1585 20 76 30 2E
 86+  1589 31 20 7C 20
 86+  158D 5B 46 31 5D
 86+  1591 20 48 65 6C
 86+  1595 70 20 20 5B
 86+  1599 46 32 5D 20
 86+  159D 53 61 76 65
 86+  15A1 20 20 5B 45
 86+  15A5 53 43 5D 20
 86+  15A9 51 75 69 74
 86+  15AD 00
 87+  15AE
 88+  15AE
 89+  15AE              ; --- DRWGUT                ----------------------------------------
 90+  15AE
 91+  15AE
 92+  15AE              ; - DRWGUT -----------------------------
 93+  15AE              ; - REDRAW LEFT AND RIGHT GUTTERS
 94+  15AE              ; - IN:  NONE
 95+  15AE              ; - OUT: NONE
 96+  15AE              ; - CLOBBERS: ALL
 97+  15AE              ; -
 98+  15AE
 99+  15AE              DRWGUT          ; LEFT GUTTER (LINE NUMBERS BACKGROUND)
100+  15AE 21 00 00                     LD      HL, 0
101+  15B1 22 6B 1E                     LD      (VDP_SX), HL
102+  15B4 22 6D 1E                     LD      (VDP_SY), HL
103+  15B7 22 6F 1E                     LD      (VDP_DX), HL    ; DX = 0
104+  15BA 21 08 00                     LD      HL, 8
105+  15BD 22 71 1E                     LD      (VDP_DY), HL    ; DY = 8 (SKIP MENU ROW)
106+  15C0 21 18 00                     LD      HL, GUTL_PX     ; NX = 24
107+  15C3 22 73 1E                     LD      (VDP_NX), HL
108+  15C6 21 C0 00                     LD      HL, 192         ; NY = 24 ROWS * 8 = 192
109+  15C9 22 75 1E                     LD      (VDP_NY), HL
110+  15CC 3E AA                        LD      A, CLR_UI
111+  15CE 32 77 1E                     LD      (VDP_CLR), A
112+  15D1 AF                           XOR     A
113+  15D2 32 78 1E                     LD      (VDP_ARG), A
114+  15D5 21 6B 1E                     LD      HL, VDPCMBLK
115+  15D8 CD C7 06                     CALL    HMMV
116+  15DB
117+  15DB                              ; RIGHT GUTTER (SCROLLBAR TRACK)
118+  15DB 21 F8 01                     LD      HL, 512 - GUTR_PX ; DX = 504
119+  15DE 22 6F 1E                     LD      (VDP_DX), HL
120+  15E1 21 08 00                     LD      HL, 8
121+  15E4 22 71 1E                     LD      (VDP_DY), HL    ; DY = 8
122+  15E7 21 08 00                     LD      HL, GUTR_PX     ; NX = 8
123+  15EA 22 73 1E                     LD      (VDP_NX), HL
124+  15ED 21 C0 00                     LD      HL, 192         ; NY = 192
125+  15F0 22 75 1E                     LD      (VDP_NY), HL
126+  15F3 3E AA                        LD      A, CLR_UI
127+  15F5 32 77 1E                     LD      (VDP_CLR), A
128+  15F8 AF                           XOR     A
129+  15F9 32 78 1E                     LD      (VDP_ARG), A
130+  15FC 21 6B 1E                     LD      HL, VDPCMBLK
131+  15FF CD C7 06                     CALL    HMMV
132+  1602
133+  1602 CD 06 16                     CALL    DRWLNUM
134+  1605 C9                           RET
135+  1606
136+  1606
137+  1606              ; --- DRWLNUM               ----------------------------------------
138+  1606
139+  1606
140+  1606              ; - DRWLNUM ----------------------------
141+  1606              ; - DRAW LINE NUMBERS IN LEFT GUTTER
142+  1606              ; - IN:  NONE (USES TOPLINE, TOTLINES)
143+  1606              ; - OUT: NONE
144+  1606              ; - CLOBBERS: ALL
145+  1606              ; -
146+  1606
147+  1606 06 01        DRWLNUM         LD      B, TXRFIRST     ; ROW 1
148+  1608 C5           .LNUMLP         PUSH    BC
149+  1609                              ; CALC LINE = TOPLINE + B - 1
150+  1609 2A 78 1B                     LD      HL, (TOPLINE)
151+  160C 78                           LD      A, B
152+  160D D6 01                        SUB     TXRFIRST
153+  160F 5F                           LD      E, A
154+  1610 16 00                        LD      D, 0
155+  1612 19                           ADD     HL, DE          ; HL = DOCLINE (0-BASED)
156+  1613
157+  1613 ED 5B 7C 1B                  LD      DE, (TOTLINES)
158+  1617 CD 71 04                     CALL    CMPHLDE
159+  161A 30 5D                        JR      NC, .NEXTROW    ; BEYOND EOF: DO NOT DRAW
160+  161C
161+  161C                              ; 1-BASED LINE NUMBER: HL = HL + 1
162+  161C 23                           INC     HL
163+  161D 11 81 16                     LD      DE, NUMBUF
164+  1620 CD 85 16                     CALL    NUM2STR4        ; FILLS NUMBUF WITH 4 CHARACTERS
165+  1623
166+  1623                              ; BLIT DIGITS AT DX = 0, 6, 12, 18, DY = B * 8
167+  1623 C1                           POP     BC
168+  1624 C5                           PUSH    BC
169+  1625 78                           LD      A, B
170+  1626 87                           ADD     A, A
171+  1627 87                           ADD     A, A
172+  1628 87                           ADD     A, A            ; B * 8
173+  1629 5F                           LD      E, A
174+  162A 16 00                        LD      D, 0            ; DE = DY
175+  162C
176+  162C 3A 81 16                     LD      A, (NUMBUF + 0)
177+  162F FE 20                        CP      ' '
178+  1631 20 25                        JR      NZ, .F4DIG
179+  1633
180+  1633                              ; 3 DIGITS OR LESS: DRAW AT DX = 0, 6, 12 LEAVING 18..23 AS BLUE MARGIN
181+  1633 3A 82 16                     LD      A, (NUMBUF + 1)
182+  1636 FE 20                        CP      ' '
183+  1638 28 06                        JR      Z, .D2
184+  163A 21 00 00                     LD      HL, 0
185+  163D CD C2 16                     CALL    BLTCHTR
186+  1640 3A 83 16     .D2             LD      A, (NUMBUF + 2)
187+  1643 FE 20                        CP      ' '
188+  1645 28 06                        JR      Z, .D3
189+  1647 21 06 00                     LD      HL, 6
190+  164A CD C2 16                     CALL    BLTCHTR
191+  164D 3A 84 16     .D3             LD      A, (NUMBUF + 3)
192+  1650 21 0C 00                     LD      HL, 12
193+  1653 CD C2 16                     CALL    BLTCHTR
194+  1656 18 21                        JR      .NEXTROW
195+  1658
196+  1658 21 00 00     .F4DIG          LD      HL, 0
197+  165B CD C2 16                     CALL    BLTCHTR
198+  165E 3A 82 16                     LD      A, (NUMBUF + 1)
199+  1661 21 06 00                     LD      HL, 6
200+  1664 CD C2 16                     CALL    BLTCHTR
201+  1667 3A 83 16                     LD      A, (NUMBUF + 2)
202+  166A 21 0C 00                     LD      HL, 12
203+  166D CD C2 16                     CALL    BLTCHTR
204+  1670 3A 84 16                     LD      A, (NUMBUF + 3)
205+  1673 21 12 00                     LD      HL, 18
206+  1676 CD C2 16                     CALL    BLTCHTR
207+  1679
208+  1679 C1           .NEXTROW        POP     BC
209+  167A 04                           INC     B
210+  167B 78                           LD      A, B
211+  167C FE 19                        CP      TXRLAST + 1
212+  167E 20 88                        JR      NZ, .LNUMLP
213+  1680 C9                           RET
214+  1681
215+  1681 00 00 00 00  NUMBUF          DEFS    4
216+  1685
217+  1685
218+  1685              ; - NUM2STR4 ---------------------------
219+  1685              ; - CONVERT HL (0..9999) TO 4-CHAR RIGHT-ALIGNED STRING AT DE
220+  1685              ; - IN:  HL = NUMBER
221+  1685              ; -      DE = 4-BYTE BUFFER
222+  1685              ; - OUT: BUFFER AT DE FILLED
223+  1685              ; - CLOBBERS: AF, BC, DE, HL
224+  1685              ; -
225+  1685
226+  1685 01 E8 03     NUM2STR4        LD      BC, 1000
227+  1688 CD B6 16                     CALL    .DIVDIG
228+  168B 01 64 00                     LD      BC, 100
229+  168E CD B6 16                     CALL    .DIVDIG
230+  1691 01 0A 00                     LD      BC, 10
231+  1694 CD B6 16                     CALL    .DIVDIG
232+  1697 7D                           LD      A, L
233+  1698 C6 30                        ADD     A, '0'
234+  169A 12                           LD      (DE), A
235+  169B                              ; REPLACE LEADING '0' WITH ' ' (UP TO 3 DIGITS)
236+  169B 1B                           DEC     DE
237+  169C 1B                           DEC     DE
238+  169D 1B                           DEC     DE              ; DE -> DIGIT 0
239+  169E 1A                           LD      A, (DE)
240+  169F FE 30                        CP      '0'
241+  16A1 C0                           RET     NZ
242+  16A2 3E 20                        LD      A, ' '
243+  16A4 12                           LD      (DE), A
244+  16A5 13                           INC     DE
245+  16A6 1A                           LD      A, (DE)
246+  16A7 FE 30                        CP      '0'
247+  16A9 C0                           RET     NZ
248+  16AA 3E 20                        LD      A, ' '
249+  16AC 12                           LD      (DE), A
250+  16AD 13                           INC     DE
251+  16AE 1A                           LD      A, (DE)
252+  16AF FE 30                        CP      '0'
253+  16B1 C0                           RET     NZ
254+  16B2 3E 20                        LD      A, ' '
255+  16B4 12                           LD      (DE), A
256+  16B5 C9                           RET
257+  16B6
258+  16B6 3E 2F        .DIVDIG         LD      A, '0' - 1
259+  16B8 3C           .SUBP           INC     A
260+  16B9 B7                           OR      A
261+  16BA ED 42                        SBC     HL, BC
262+  16BC 30 FA                        JR      NC, .SUBP
263+  16BE 09                           ADD     HL, BC
264+  16BF 12                           LD      (DE), A
265+  16C0 13                           INC     DE
266+  16C1 C9                           RET
267+  16C2
268+  16C2
269+  16C2              ; - BLTCHTR ----------------------------
270+  16C2              ; - BLIT CHARACTER WITH TIMP TRANSPARENCY
271+  16C2              ; - IN:  A  = ASCII CHAR
272+  16C2              ; -      HL = DX
273+  16C2              ; -      DE = DY
274+  16C2              ; - OUT: NONE
275+  16C2              ; - CLOBBERS: NONE
276+  16C2              ; -
277+  16C2
278+  16C2 F5           BLTCHTR         PUSH    AF
279+  16C3 C5                           PUSH    BC
280+  16C4 D5                           PUSH    DE
281+  16C5 E5                           PUSH    HL
282+  16C6
283+  16C6 22 6F 1E                     LD      (VDP_DX), HL
284+  16C9 EB                           EX      DE, HL
285+  16CA 22 71 1E                     LD      (VDP_DY), HL
286+  16CD
287+  16CD                              ; CALC FONT SX/SY
288+  16CD 47                           LD      B, A            ; B = CHAR
289+  16CE E6 1F                        AND     %00011111       ; CHAR & 31
290+  16D0 6F                           LD      L, A
291+  16D1 26 00                        LD      H, 0
292+  16D3 29                           ADD     HL, HL          ; * 2
293+  16D4 29                           ADD     HL, HL          ; * 4
294+  16D5 29                           ADD     HL, HL          ; * 8
295+  16D6 22 6B 1E                     LD      (VDP_SX), HL
296+  16D9
297+  16D9 78                           LD      A, B
298+  16DA CB 3F                        SRL     A
299+  16DC CB 3F                        SRL     A
300+  16DE CB 3F                        SRL     A
301+  16E0 CB 3F                        SRL     A
302+  16E2 CB 3F                        SRL     A               ; CHAR >> 5 (0..7)
303+  16E4 87                           ADD     A, A
304+  16E5 87                           ADD     A, A
305+  16E6 87                           ADD     A, A            ; * 8
306+  16E7 6F                           LD      L, A
307+  16E8 26 00                        LD      H, 0
308+  16EA 11 E0 00                     LD      DE, FNORM_SY    ; 224
309+  16ED 19                           ADD     HL, DE
310+  16EE 22 6D 1E                     LD      (VDP_SY), HL
311+  16F1
312+  16F1 21 06 00                     LD      HL, 6           ; NX = 6
313+  16F4 22 73 1E                     LD      (VDP_NX), HL
314+  16F7 21 08 00                     LD      HL, 8           ; NY = 8
315+  16FA 22 75 1E                     LD      (VDP_NY), HL
316+  16FD AF                           XOR     A
317+  16FE 32 78 1E                     LD      (VDP_ARG), A
318+  1701
319+  1701 21 6B 1E                     LD      HL, VDPCMBLK
320+  1704 3E 98                        LD      A, VDP_LMMM | VDP_TIMP
321+  1706 CD F4 06                     CALL    LMMM
322+  1709
323+  1709 E1                           POP     HL
324+  170A D1                           POP     DE
325+  170B C1                           POP     BC
326+  170C F1                           POP     AF
327+  170D C9                           RET
328+  170E
329+  170E
330+  170E              ; - BLTSTR -----------------------------
331+  170E              ; - BLIT ASCIIZ STRING WITH TIMP
332+  170E              ; - IN:  HL = POINTER TO ASCIIZ STRING
333+  170E              ; -      DE = DX
334+  170E              ; -      BC = DY
335+  170E              ; - OUT: NONE
336+  170E              ; - CLOBBERS: ALL
337+  170E              ; -
338+  170E
339+  170E 7E           BLTSTR          LD      A, (HL)
340+  170F B7                           OR      A
341+  1710 C8                           RET     Z
342+  1711 E5                           PUSH    HL
343+  1712 D5                           PUSH    DE
344+  1713 C5                           PUSH    BC
345+  1714 EB                           EX      DE, HL          ; HL = DX
346+  1715 50                           LD      D, B
347+  1716 59                           LD      E, C            ; DE = DY
348+  1717 CD C2 16                     CALL    BLTCHTR
349+  171A C1                           POP     BC
350+  171B D1                           POP     DE
351+  171C E1                           POP     HL
352+  171D 23                           INC     HL
353+  171E 3E 06                        LD      A, 6
354+  1720 83                           ADD     A, E
355+  1721 5F                           LD      E, A
356+  1722 30 EA                        JR      NC, BLTSTR
357+  1724 14                           INC     D
358+  1725 18 E7                        JR      BLTSTR
359+  1727
360+  1727
361+  1727              ; --- DRWSCRL             ----------------------------------------
362+  1727
363+  1727
364+  1727              ; - DRWSCRL ----------------------------
365+  1727              ; - DRAW SCROLLBAR THUMB
366+  1727              ; - IN:  NONE
367+  1727              ; - OUT: NONE
368+  1727              ; - CLOBBERS: ALL
369+  1727              ; -
370+  1727
371+  1727 21 F8 01     DRWSCRL         LD      HL, 512 - GUTR_PX ; DX = 504
372+  172A 22 6F 1E                     LD      (VDP_DX), HL
373+  172D 21 08 00                     LD      HL, 8           ; DY = 8
374+  1730 22 71 1E                     LD      (VDP_DY), HL
375+  1733 21 08 00                     LD      HL, GUTR_PX     ; NX = 8
376+  1736 22 73 1E                     LD      (VDP_NX), HL
377+  1739 21 18 00                     LD      HL, 24          ; THUMB HEIGHT = 24
378+  173C 22 75 1E                     LD      (VDP_NY), HL
379+  173F 3E FF                        LD      A, CLR_HI
380+  1741 32 77 1E                     LD      (VDP_CLR), A
381+  1744 AF                           XOR     A
382+  1745 32 78 1E                     LD      (VDP_ARG), A
383+  1748 21 6B 1E                     LD      HL, VDPCMBLK
384+  174B CD C7 06                     CALL    HMMV
385+  174E C9                           RET
386+  174F
387+  174F
388+  174F              ; --- DRWCUR                ----------------------------------------
389+  174F
390+  174F
391+  174F              ; - DRWCUR -----------------------------
392+  174F              ; - TOGGLE CURSOR XOR OVERLAY AT (CURX, CURY)
393+  174F              ; - IN:  NONE (USES CURX, CURY)
394+  174F              ; - OUT: NONE
395+  174F              ; - CLOBBERS: NONE
396+  174F              ; -
397+  174F
398+  174F F5           DRWCUR          PUSH    AF
399+  1750 C5                           PUSH    BC
400+  1751 D5                           PUSH    DE
401+  1752 E5                           PUSH    HL
402+  1753
403+  1753                              ; DX = GUTL_PX + CURX * 6
404+  1753 3A 75 1B                     LD      A, (CURX)
405+  1756 6F                           LD      L, A
406+  1757 26 00                        LD      H, 0
407+  1759 29                           ADD     HL, HL          ; * 2
408+  175A 54                           LD      D, H
409+  175B 5D                           LD      E, L
410+  175C 29                           ADD     HL, HL          ; * 4
411+  175D 19                           ADD     HL, DE          ; * 6
412+  175E 11 18 00                     LD      DE, GUTL_PX
413+  1761 19                           ADD     HL, DE
414+  1762 22 6F 1E                     LD      (VDP_DX), HL
415+  1765
416+  1765                              ; DY = (CURY + 1) * 8
417+  1765 3A 76 1B                     LD      A, (CURY)
418+  1768 3C                           INC     A
419+  1769 87                           ADD     A, A
420+  176A 87                           ADD     A, A
421+  176B 87                           ADD     A, A
422+  176C 6F                           LD      L, A
423+  176D 26 00                        LD      H, 0
424+  176F 22 71 1E                     LD      (VDP_DY), HL
425+  1772
426+  1772 21 00 00                     LD      HL, 0
427+  1775 22 6B 1E                     LD      (VDP_SX), HL
428+  1778 22 6D 1E                     LD      (VDP_SY), HL
429+  177B
430+  177B 21 06 00                     LD      HL, CELLW       ; NX = 6
431+  177E 22 73 1E                     LD      (VDP_NX), HL
432+  1781 21 08 00                     LD      HL, CELLH       ; NY = 8
433+  1784 22 75 1E                     LD      (VDP_NY), HL
434+  1787
435+  1787 3E 03                        LD      A, COL_HI       ; CLR = 3
436+  1789 32 77 1E                     LD      (VDP_CLR), A
437+  178C
438+  178C AF                           XOR     A
439+  178D 32 78 1E                     LD      (VDP_ARG), A
440+  1790
441+  1790 21 6B 1E                     LD      HL, VDPCMBLK
442+  1793 3E 83                        LD      A, VDP_LMMV | VDP_XOR
443+  1795 CD 01 07                     CALL    LMMV
444+  1798
445+  1798 E1                           POP     HL
446+  1799 D1                           POP     DE
447+  179A C1                           POP     BC
448+  179B F1                           POP     AF
449+  179C C9                           RET
450+  179D
451+  179D
452+  179D              ; --- TIMI HOOK (BLINK)         ----------------------------------------
453+  179D
454+  179D
455+  179D              ; - BLNKTICK ---------------------------
456+  179D              ; - BLINK TIMER HOOK STUB
457+  179D              ; - IN:  NONE
458+  179D              ; - OUT: NONE
459+  179D              ; - CLOBBERS: NONE
460+  179D              ; -
461+  179D
462+  179D C9           BLNKTICK        RET
463+  179E
# file closed: UI.Z8A
 69   179E                              INCLUDE FILEIO.Z8A
# file opened: FILEIO.Z8A
  1+  179E              ;                                       ****************************************
  2+  179E              ;                                       * FILE I/O                             *
  3+  179E              ;                                       ****************************************
  4+  179E              ;
  5+  179E              ; USES HIGH-LEVEL DSK* WRAPPERS FROM BDOS.Z8A (DOS1/DOS2 TRANSPARENT).
  6+  179E
  7+  179E
  8+  179E              ; --- FILENEW                   ----------------------------------------
  9+  179E
 10+  179E CD D0 10     FILENEW         CALL    BUFINIT
 11+  17A1 C9                           RET
 12+  17A2
 13+  17A2
 14+  17A2              ; --- FILELOAD                  ----------------------------------------
 15+  17A2
 16+  17A2              ; - FILELOAD ---------
 17+  17A2              ; - LOAD FILE FROM DISK INTO BUFFER
 18+  17A2              ; - HL: FILENAME (ASCIIZ)
 19+  17A2              ; -
 20+  17A2
 21+  17A2 E5           FILELOAD        PUSH    HL
 22+  17A3 CD 9E 17                     CALL    FILENEW         ; RESET BUFFER AND ALLOCATE INITIAL SEGS
 23+  17A6 E1                           POP     HL
 24+  17A7
 25+  17A7 CD D8 02                     CALL    DSKOPEN         ; A=HANDLE, DEHL=SIZE
 26+  17AA D8                           RET     C
 27+  17AB 32 AB 1B                     LD      (FILEHAND), A
 28+  17AE
 29+  17AE 21 00 00                     LD      HL, 0
 30+  17B1 22 7C 1B                     LD      (TOTLINES), HL
 31+  17B4 22 14 19                     LD      (LINEOFF), HL
 32+  17B7 AF                           XOR     A
 33+  17B8 32 16 19                     LD      (CURLLEN), A
 34+  17BB 32 AC 1B                     LD      (WASCR), A
 35+  17BE
 36+  17BE 3A AB 1B     .READBLK        LD      A, (FILEHAND)
 37+  17C1 21 00 01                     LD      HL, 256
 38+  17C4 11 22 1D                     LD      DE, FILEBUF
 39+  17C7 CD F4 02                     CALL    DSKREAD         ; HL = BYTES READ
 40+  17CA 7C                           LD      A, H
 41+  17CB B5                           OR      L
 42+  17CC 28 5C                        JR      Z, .EOF
 43+  17CE
 44+  17CE 44                           LD      B, H
 45+  17CF 4D                           LD      C, L            ; BC = BYTES TO PROCESS
 46+  17D0 21 22 1D                     LD      HL, FILEBUF
 47+  17D3 C5           .PROCLP         PUSH    BC
 48+  17D4 E5                           PUSH    HL
 49+  17D5
 50+  17D5 7E                           LD      A, (HL)
 51+  17D6 FE 0D                        CP      13              ; CR
 52+  17D8 28 2B                        JR      Z, .ISCR
 53+  17DA FE 0A                        CP      10              ; LF
 54+  17DC 28 31                        JR      Z, .ISLF
 55+  17DE
 56+  17DE                              ; REGULAR CHARACTER: CLEAR WASCR
 57+  17DE F5                           PUSH    AF
 58+  17DF AF                           XOR     A
 59+  17E0 32 AC 1B                     LD      (WASCR), A
 60+  17E3 F1                           POP     AF
 61+  17E4
 62+  17E4                              ; APPEND TO CURRENT LINE IN TXPAGE
 63+  17E4 47                           LD      B, A
 64+  17E5 3A 74 1B                     LD      A, (TXSEG)
 65+  17E8 CD C2 10                     CALL    PUTP2
 66+  17EB
 67+  17EB 3A 16 19                     LD      A, (CURLLEN)
 68+  17EE FE 50                        CP      80
 69+  17F0 30 2E                        JR      NC, .SKIP       ; TRUNCATE
 70+  17F2
 71+  17F2 21 01 80                     LD      HL, TXPAGE + 1  ; SKIP LEN BYTE
 72+  17F5 ED 5B 14 19                  LD      DE, (LINEOFF)
 73+  17F9 19                           ADD     HL, DE
 74+  17FA 5F                           LD      E, A
 75+  17FB 16 00                        LD      D, 0
 76+  17FD 19                           ADD     HL, DE          ; HL = TXPAGE + LINEOFF + 1 + CURLLEN
 77+  17FE 70                           LD      (HL), B
 78+  17FF
 79+  17FF 3C                           INC     A
 80+  1800 32 16 19                     LD      (CURLLEN), A
 81+  1803 18 1B                        JR      .SKIP
 82+  1805
 83+  1805 3E 01        .ISCR           LD      A, 1
 84+  1807 32 AC 1B                     LD      (WASCR), A
 85+  180A CD 56 18                     CALL    STORELINE
 86+  180D 18 11                        JR      .SKIP
 87+  180F
 88+  180F 3A AC 1B     .ISLF           LD      A, (WASCR)
 89+  1812 A7                           AND     A
 90+  1813 20 05                        JR      NZ, .SKIPLF     ; IF CRLF, SKIP THE LF
 91+  1815 CD 56 18                     CALL    STORELINE
 92+  1818 18 06                        JR      .SKIP
 93+  181A AF           .SKIPLF         XOR     A
 94+  181B 32 AC 1B                     LD      (WASCR), A
 95+  181E 18 00                        JR      .SKIP
 96+  1820
 97+  1820 E1           .SKIP           POP     HL
 98+  1821 23                           INC     HL
 99+  1822 C1                           POP     BC
100+  1823 0B                           DEC     BC
101+  1824 78                           LD      A, B
102+  1825 B1                           OR      C
103+  1826 20 AB                        JR      NZ, .PROCLP
104+  1828 18 94                        JR      .READBLK
105+  182A
106+  182A 3A 16 19     .EOF            LD      A, (CURLLEN)
107+  182D A7                           AND     A
108+  182E 28 05                        JR      Z, .CHKTOT
109+  1830 CD 56 18                     CALL    STORELINE       ; STORE FINAL PENDING LINE
110+  1833 18 0A                        JR      .CLSFIL
111+  1835 2A 7C 1B     .CHKTOT         LD      HL, (TOTLINES)
112+  1838 7C                           LD      A, H
113+  1839 B5                           OR      L
114+  183A 20 03                        JR      NZ, .CLSFIL
115+  183C CD 56 18                     CALL    STORELINE       ; ENSURE AT LEAST 1 LINE IF FILE WAS EMPTY
116+  183F 3A AB 1B     .CLSFIL         LD      A, (FILEHAND)
117+  1842 CD E9 02                     CALL    DSKCLOSE
118+  1845
119+  1845 21 00 00                     LD      HL, 0
120+  1848 22 78 1B                     LD      (TOPLINE), HL
121+  184B 22 7A 1B                     LD      (DOCLINE), HL
122+  184E AF                           XOR     A
123+  184F 32 75 1B                     LD      (CURX), A
124+  1852 32 76 1B                     LD      (CURY), A
125+  1855 C9                           RET
126+  1856
127+  1856              ; - STORELINE --------
128+  1856              ; - FINISH CURRENT LINE, ADD TO DIRECTORY, PREPARE NEXT
129+  1856              ; -
130+  1856
131+  1856 3A 74 1B     STORELINE       LD      A, (TXSEG)
132+  1859 CD C2 10                     CALL    PUTP2
133+  185C
134+  185C 21 00 80                     LD      HL, TXPAGE
135+  185F ED 5B 14 19                  LD      DE, (LINEOFF)
136+  1863 19                           ADD     HL, DE          ; HL = START OF RECORD
137+  1864
138+  1864 3A 16 19                     LD      A, (CURLLEN)
139+  1867 77                           LD      (HL), A         ; WRITE LEN
140+  1868
141+  1868                              ; PAD UNUSED CHARS (CURLLEN..79) WITH SPACE (#20)
142+  1868 E5                           PUSH    HL
143+  1869 23                           INC     HL              ; HL = TXPAGE + LINEOFF + 1
144+  186A 5F                           LD      E, A
145+  186B 16 00                        LD      D, 0
146+  186D 19                           ADD     HL, DE          ; HL = TXPAGE + LINEOFF + 1 + CURLLEN
147+  186E 3E 50                        LD      A, TEXTCOLS     ; 80
148+  1870 93                           SUB     E
149+  1871 28 06                        JR      Z, .PADEND
150+  1873 47                           LD      B, A
151+  1874 36 20        .PADLP          LD      (HL), ' '
152+  1876 23                           INC     HL
153+  1877 10 FB                        DJNZ    .PADLP
154+  1879 E1           .PADEND         POP     HL
155+  187A
156+  187A                              ; CLEAR ATTRS (80 BYTES AT TXPAGE + LINEOFF + 81)
157+  187A E5                           PUSH    HL
158+  187B 11 51 00                     LD      DE, 81          ; 1 (LEN) + 80 (TEXT)
159+  187E 19                           ADD     HL, DE          ; HL = ATTR START
160+  187F 36 00                        LD      (HL), 0
161+  1881 54                           LD      D, H
162+  1882 5D                           LD      E, L
163+  1883 13                           INC     DE
164+  1884 01 4F 00                     LD      BC, 79
165+  1887 ED B0                        LDIR
166+  1889 E1                           POP     HL
167+  188A
168+  188A                              ; ADD TO DIRECTORY
169+  188A 2A 7C 1B                     LD      HL, (TOTLINES)
170+  188D 3A 74 1B                     LD      A, (TXSEG)
171+  1890 ED 5B 14 19                  LD      DE, (LINEOFF)
172+  1894 CD 35 11                     CALL    DIRWRITE
173+  1897
174+  1897                              ; PREPARE NEXT LINE RECORD OFFSET
175+  1897 2A 14 19                     LD      HL, (LINEOFF)
176+  189A 11 A1 00                     LD      DE, WORKSIZ
177+  189D 19                           ADD     HL, DE
178+  189E 22 14 19                     LD      (LINEOFF), HL
179+  18A1
180+  18A1                              ; CHECK IF SEGMENT FULL (16KB / 161 ~= 101 LINES)
181+  18A1                              ; 16384 - 161 = 16223 (#3F5F)
182+  18A1 11 5F 3F                     LD      DE, #3F5F
183+  18A4 CD 71 04                     CALL    CMPHLDE
184+  18A7 38 0F                        JR      C, .NOTFULL
185+  18A9
186+  18A9 CD 92 10                     CALL    ALLSEG
187+  18AC 32 74 1B                     LD      (TXSEG), A
188+  18AF CD C2 10                     CALL    PUTP2
189+  18B2 21 00 00                     LD      HL, 0
190+  18B5 22 14 19                     LD      (LINEOFF), HL
191+  18B8
192+  18B8 AF           .NOTFULL        XOR     A
193+  18B9 32 16 19                     LD      (CURLLEN), A
194+  18BC
195+  18BC 2A 7C 1B                     LD      HL, (TOTLINES)
196+  18BF 23                           INC     HL
197+  18C0 22 7C 1B                     LD      (TOTLINES), HL
198+  18C3 C9                           RET
199+  18C4
200+  18C4
201+  18C4              ; --- FILESAVE                  ----------------------------------------
202+  18C4
203+  18C4
204+  18C4              ; - FILESAVE ---------------------------
205+  18C4              ; - SAVE BUFFER LINES TO DISK FILE
206+  18C4              ; - IN:  NONE (USES FILENAME)
207+  18C4              ; - OUT: NONE
208+  18C4              ; - CLOBBERS: ALL
209+  18C4              ; -
210+  18C4
211+  18C4 21 83 1B     FILESAVE        LD      HL, FILENAME
212+  18C7 7E                           LD      A, (HL)
213+  18C8 B7                           OR      A
214+  18C9 C8                           RET     Z               ; NO FILENAME TO SAVE
215+  18CA
216+  18CA CD C7 02                     CALL    DSKCREAT
217+  18CD D8                           RET     C               ; ERROR CREATING FILE
218+  18CE 32 12 19                     LD      (SAVHAND), A
219+  18D1
220+  18D1 01 00 00                     LD      BC, 0           ; BC = DOCLINE (0..TOTLINES-1)
221+  18D4 C5           .LINELP         PUSH    BC
222+  18D5 60                           LD      H, B
223+  18D6 69                           LD      L, C
224+  18D7 CD 47 11                     CALL    LINEREAD        ; LOAD INTO WORKBUF
225+  18DA
226+  18DA                              ; WRITE LINE CHARACTERS: WORKBUF[0] BYTES
227+  18DA 3A 81 1C                     LD      A, (WORKBUF)
228+  18DD B7                           OR      A
229+  18DE 28 0C                        JR      Z, .WREOL
230+  18E0
231+  18E0 6F                           LD      L, A
232+  18E1 26 00                        LD      H, 0
233+  18E3 11 82 1C                     LD      DE, WORKBUF + 1
234+  18E6 3A 12 19                     LD      A, (SAVHAND)
235+  18E9 CD 07 03                     CALL    DSKWRITE
236+  18EC
237+  18EC              .WREOL          ; WRITE CR, LF
238+  18EC 21 02 00                     LD      HL, 2
239+  18EF 11 10 19                     LD      DE, CRLFSTR
240+  18F2 3A 12 19                     LD      A, (SAVHAND)
241+  18F5 CD 07 03                     CALL    DSKWRITE
242+  18F8
243+  18F8 C1                           POP     BC
244+  18F9 03                           INC     BC
245+  18FA 60                           LD      H, B
246+  18FB 69                           LD      L, C
247+  18FC ED 5B 7C 1B                  LD      DE, (TOTLINES)
248+  1900 CD 71 04                     CALL    CMPHLDE
249+  1903 38 CF                        JR      C, .LINELP
250+  1905
251+  1905 3A 12 19                     LD      A, (SAVHAND)
252+  1908 CD E9 02                     CALL    DSKCLOSE
253+  190B
254+  190B AF                           XOR     A
255+  190C 32 7E 1B                     LD      (MODIFIED), A
256+  190F C9                           RET
257+  1910
258+  1910 0D 0A        CRLFSTR         DEFB    CR, LF
259+  1912 00           SAVHAND         DEFB    0
260+  1913
261+  1913
262+  1913              ; --- FSAVEAS                ----------------------------------------
263+  1913
264+  1913 C9           FSAVEAS      RET
265+  1914
266+  1914
267+  1914              ; --- TEMP VARS FOR LOADER      ----------------------------------------
268+  1914
269+  1914 00 00        LINEOFF         DEFW    0               ; START OF CURRENT LINE RECORD
270+  1916 00           CURLLEN         DEFB    0               ; CURRENT LINE LENGTH
271+  1917
# file closed: FILEIO.Z8A
 70   1917                              INCLUDE PARAMS.Z8A
# file opened: PARAMS.Z8A
  1+  1917              ;                                       ****************************************
  2+  1917              ;                                       * PARAMS                               *
  3+  1917              ;                                       ****************************************
  4+  1917              ;
  5+  1917              ; PARSES DOS COMMAND-LINE PARAMETERS VIA EXTPARM (BDOS.Z8A).
  6+  1917              ; S6ED ACCEPTS ONE OPTIONAL PARAMETER: THE FILENAME TO OPEN.
  7+  1917              ; NO /X SWITCHES DEFINED YET — SCAFFOLD IS READY FOR FUTURE ADDITIONS.
  8+  1917              ;
  9+  1917              ; CALL PARAMS FROM INIT AFTER BUFINIT.
 10+  1917              ; ON RETURN: CY=0  FILENAME FOUND → FILENAME IS POPULATED (ASCIIZ)
 11+  1917              ;            CY=1  NO FILENAME GIVEN → OPEN EMPTY BUFFER
 12+  1917
 13+  1917
 14+  1917              ; --- PARAMS                    ----------------------------------------
 15+  1917
 16+  1917              ; - PARAMS -----------
 17+  1917              ; - PARSE COMMAND LINE, FIND FILENAME
 18+  1917              ; - OUTPUT:
 19+  1917              ; -     CY = 0  FILENAME COPIED TO FILENAME (VARS)
 20+  1917              ; -     CY = 1  NO FILENAME PARAM FOUND
 21+  1917              ; -
 22+  1917
 23+  1917 21 01 1C     PARAMS          LD      HL, PARBUF
 24+  191A CD E3 03                     CALL    EXTPARM
 25+  191D D8                           RET     C               ; NO PARAMS AT ALL → CY=1
 26+  191E
 27+  191E                              ; --- CHECK #EAC PARAM FOR A BARE FILENAME (NOT STARTING '/')
 28+  191E
 29+  191E CD 22 19                     CALL    CHKFILE
 30+  1921 C9                           RET                     ; CY FROM CHKFILE PROPAGATES
 31+  1922
 32+  1922
 33+  1922              ; --- CHKFILE                   ----------------------------------------
 34+  1922
 35+  1922              ; - CHKFILE ----------
 36+  1922              ; - FIND FIRST PARAM NOT STARTING WITH '/'
 37+  1922              ; - COPIES IT TO FILENAME (ASCIIZ)
 38+  1922              ; - OUTPUT:
 39+  1922              ; -     CY = 0  FILENAME SET
 40+  1922              ; -     CY = 1  NOT FOUND
 41+  1922              ; -
 42+  1922
 43+  1922 3A 01 1C     CHKFILE         LD      A, (PARBUF)     ; TOTAL PARAM COUNT
 44+  1925 47                           LD      B, A
 45+  1926 0E 00                        LD      C, 0
 46+  1928 C5           .LOOP           PUSH    BC
 47+  1929 21 01 1C                     LD      HL, PARBUF
 48+  192C 11 D9 1B                     LD      DE, PARMTMP
 49+  192F 79                           LD      A, C
 50+  1930 CD 25 04                     CALL    GETPARAM        ; → COPIES PARAM C TO PARMTMP, HL=PARMTMP
 51+  1933 7E                           LD      A, (HL)
 52+  1934 FE 2F                        CP      '/'
 53+  1936 20 06                        JR      NZ, .FOUND      ; NOT A SWITCH → FILENAME
 54+  1938 C1                           POP     BC
 55+  1939 0C                           INC     C
 56+  193A 10 EC                        DJNZ    .LOOP
 57+  193C 37                           SCF                     ; NOT FOUND
 58+  193D C9                           RET
 59+  193E
 60+  193E C1           .FOUND          POP     BC
 61+  193F 21 D9 1B                     LD      HL, PARMTMP
 62+  1942 11 83 1B                     LD      DE, FILENAME
 63+  1945 7E           .COPY           LD      A, (HL)
 64+  1946 12                           LD      (DE), A
 65+  1947 A7                           AND     A
 66+  1948 28 04                        JR      Z, .DONE
 67+  194A 23                           INC     HL
 68+  194B 13                           INC     DE
 69+  194C 18 F7                        JR      .COPY
 70+  194E A7           .DONE           AND     A               ; CY=0
 71+  194F C9                           RET
 72+  1950
 73+  1950
 74+  1950              ; --- CHKPARAM                  ----------------------------------------
 75+  1950
 76+  1950              ; - CHKPARAM ---------
 77+  1950              ; - CHECK PARAM STRING AND SET FLAG VAR IF FOUND
 78+  1950              ; - HL: PARAM DATA (DEFB SIZE / DEFM STRING)
 79+  1950              ; - DE: FLAG VARIABLE ADDRESS
 80+  1950              ; - A:  VALUE TO STORE IF FOUND
 81+  1950              ; - OUTPUT:
 82+  1950              ; -     CY = 0  PARAM FOUND AND FLAG SET
 83+  1950              ; -     CY = 1  NOT FOUND
 84+  1950              ; -
 85+  1950
 86+  1950 F5           CHKPARAM        PUSH    AF
 87+  1951 D5                           PUSH    DE
 88+  1952 7E                           LD      A, (HL)
 89+  1953 23                           INC     HL
 90+  1954 CD 5E 19                     CALL    FNDPARAM
 91+  1957 D1                           POP     DE
 92+  1958 C1                           POP     BC
 93+  1959 D8                           RET     C
 94+  195A 78                           LD      A, B
 95+  195B 12                           LD      (DE), A
 96+  195C A7                           AND     A
 97+  195D C9                           RET
 98+  195E
 99+  195E
100+  195E              ; --- FNDPARAM                  ----------------------------------------
101+  195E
102+  195E              ; - FNDPARAM ---------
103+  195E              ; - CASE-INSENSITIVE SEARCH FOR PARAM STRING IN COMMAND LINE
104+  195E              ; - A:  PARAM STRING SIZE
105+  195E              ; - HL: POINTER TO PARAM STRING
106+  195E              ; - OUTPUT:
107+  195E              ; -     CY = 0  FOUND
108+  195E              ; -     CY = 1  NOT FOUND
109+  195E              ; -
110+  195E
111+  195E 32 D6 1B     FNDPARAM        LD      (PSIZE), A
112+  1961 22 D7 1B                     LD      (PPNT), HL
113+  1964 3A 01 1C                     LD      A, (PARBUF)
114+  1967 47                           LD      B, A
115+  1968 0E 00                        LD      C, 0
116+  196A C5           .LOOP           PUSH    BC
117+  196B 21 01 1C                     LD      HL, PARBUF
118+  196E 11 00 00                     LD      DE, 0
119+  1971 79                           LD      A, C
120+  1972 CD 25 04                     CALL    GETPARAM
121+  1975 CD 83 19                     CALL    .CHK
122+  1978 30 06                        JR      NC, .SUCCESS
123+  197A C1                           POP     BC
124+  197B 0C                           INC     C
125+  197C 10 EC                        DJNZ    .LOOP
126+  197E 37                           SCF
127+  197F C9                           RET
128+  1980 C1           .SUCCESS        POP     BC
129+  1981 A7                           AND     A
130+  1982 C9                           RET
131+  1983
132+  1983 ED 5B D7 1B  .CHK            LD      DE, (PPNT)
133+  1987 3A D6 1B                     LD      A, (PSIZE)
134+  198A 47                           LD      B, A
135+  198B 1A           .CHKLP          LD      A, (DE)
136+  198C BE                           CP      (HL)
137+  198D 28 0D                        JR      Z, .CHKOK
138+  198F FE 41                        CP      'A'
139+  1991 38 0F                        JR      C, .CHKERR
140+  1993 FE 5B                        CP      'Z' + 1
141+  1995 30 0B                        JR      NC, .CHKERR
142+  1997 F6 20                        OR      %00100000       ; TO LOWERCASE
143+  1999 BE                           CP      (HL)
144+  199A 20 06                        JR      NZ, .CHKERR
145+  199C 23           .CHKOK          INC     HL
146+  199D 13                           INC     DE
147+  199E 10 EB                        DJNZ    .CHKLP
148+  19A0 A7                           AND     A
149+  19A1 C9                           RET
150+  19A2 37           .CHKERR         SCF
151+  19A3 C9                           RET
152+  19A4
# file closed: PARAMS.Z8A
 71   19A4
 72   19A4
 73   19A4              ; --- INIT                      ----------------------------------------
 74   19A4
 75   19A4
 76   19A4              ; - INIT -------------
 77   19A4              ; - PROGRAM ENTRY POINT
 78   19A4              ; -
 79   19A4
 80   19A4              INIT            DBG     "1: INIT START"
 80   19A4 CD 5F 04    >                CALL    DBGMSG
 80   19A7 31 3A 20 49 >                DEFM    "1: INIT START", 10, 0
 80   19AB 4E 49 54 20 >
 80   19AF 53 54 41 52 >
 80   19B3 54 0A 00    >
 81   19B6 ED 73 5F 1B                  LD      (SAVESP), SP    ; PRESERVE ORIGINAL DOS STACK
 82   19BA
 83   19BA                              ; DETECT DOS VERSION
 84   19BA                              DBG     "2: DOSVER"
 84   19BA CD 5F 04    >                CALL    DBGMSG
 84   19BD 32 3A 20 44 >                DEFM    "2: DOSVER", 10, 0
 84   19C1 4F 53 56 45 >
 84   19C5 52 0A 00    >
 85   19C8 CD 47 01                     CALL    DOSVER
 86   19CB DA C2 1A                     JP      C, .NODOS2      ; CARRY = DOS1 ONLY
 87   19CE
 88   19CE                              ; LOCATE MAPPER MANAGER
 89   19CE                              DBG     "3: MAPINIT"
 89   19CE CD 5F 04    >                CALL    DBGMSG
 89   19D1 33 3A 20 4D >                DEFM    "3: MAPINIT", 10, 0
 89   19D5 41 50 49 4E >
 89   19D9 49 54 0A 00 >
 90   19DD CD 7A 0F                     CALL    MAPINIT
 91   19E0 DA CB 1A                     JP      C, .NOMAP
 92   19E3
 93   19E3                              ; SAVE ORIGINAL MAPPER SEGMENTS
 94   19E3                              DBG     "4: GETP1/GETP2"
 94   19E3 CD 5F 04    >                CALL    DBGMSG
 94   19E6 34 3A 20 47 >                DEFM    "4: GETP1/GETP2", 10, 0
 94   19EA 45 54 50 31 >
 94   19EE 2F 47 45 54 >
 94   19F2 50 32 0A 00 >
 95   19F6 CD BB 10                     CALL    GETP1
 96   19F9 32 61 1B                     LD      (DEFSEG1), A
 97   19FC CD C9 10                     CALL    GETP2
 98   19FF 32 62 1B                     LD      (DEFSEG2), A
 99   1A02
100   1A02                              ; INITIALIZE SCREEN
101   1A02                              DBG     "5: SCRINIT"
101   1A02 CD 5F 04    >                CALL    DBGMSG
101   1A05 35 3A 20 53 >                DEFM    "5: SCRINIT", 10, 0
101   1A09 43 52 49 4E >
101   1A0D 49 54 0A 00 >
102   1A11 CD D4 1A                     CALL    SCRINIT
103   1A14
104   1A14                              ; INITIALIZE FONT TABLES IN VRAM
105   1A14                              DBG     "6: FONTINIT"
105   1A14 CD 5F 04    >                CALL    DBGMSG
105   1A17 36 3A 20 46 >                DEFM    "6: FONTINIT", 10, 0
105   1A1B 4F 4E 54 49 >
105   1A1F 4E 49 54 0A >
105   1A23 00          >
106   1A24 CD 0E 07                     CALL    FONTINIT
107   1A27
108   1A27                              ; INITIALIZE EMPTY TEXT BUFFER
109   1A27                              DBG     "7: BUFINIT"
109   1A27 CD 5F 04    >                CALL    DBGMSG
109   1A2A 37 3A 20 42 >                DEFM    "7: BUFINIT", 10, 0
109   1A2E 55 46 49 4E >
109   1A32 49 54 0A 00 >
110   1A36 CD D0 10                     CALL    BUFINIT
111   1A39
112   1A39                              ; CHECK COMMAND-LINE PARAMS: OPTIONAL FILENAME TO LOAD
113   1A39                              DBG     "8: PARAMS"
113   1A39 CD 5F 04    >                CALL    DBGMSG
113   1A3C 38 3A 20 50 >                DEFM    "8: PARAMS", 10, 0
113   1A40 41 52 41 4D >
113   1A44 53 0A 00    >
114   1A47 CD 17 19                     CALL    PARAMS
115   1A4A 38 1B                        JR      C, .NOARG       ; CY=1 → NO FILENAME GIVEN
116   1A4C                              DBG     "9: FILELOAD"
116   1A4C CD 5F 04    >                CALL    DBGMSG
116   1A4F 39 3A 20 46 >                DEFM    "9: FILELOAD", 10, 0
116   1A53 49 4C 45 4C >
116   1A57 4F 41 44 0A >
116   1A5B 00          >
117   1A5C 21 83 1B                     LD      HL, FILENAME
118   1A5F CD A2 17                     CALL    FILELOAD
119   1A62 CD 87 11                     CALL    REDRAW          ; RENDER LOADED DOCUMENT
120   1A65 18 18                        JR      .READY
121   1A67
122   1A67              .NOARG          ; DRAW INITIAL SCREEN (EMPTY BUFFER)
123   1A67                              DBG     "9b: REDRAW NOARG"
123   1A67 CD 5F 04    >                CALL    DBGMSG
123   1A6A 39 62 3A 20 >                DEFM    "9b: REDRAW NOARG", 10, 0
123   1A6E 52 45 44 52 >
123   1A72 41 57 20 4E >
123   1A76 4F 41 52 47 >
123   1A7A 0A 00       >
124   1A7C CD 87 11                     CALL    REDRAW
125   1A7F
126   1A7F              .READY          ; DRAW CHROME AND INITIAL CURSOR
127   1A7F                              DBG     "10: CHROME"
127   1A7F CD 5F 04    >                CALL    DBGMSG
127   1A82 31 30 3A 20 >                DEFM    "10: CHROME", 10, 0
127   1A86 43 48 52 4F >
127   1A8A 4D 45 0A 00 >
128   1A8E CD 4A 15                     CALL    DRWMENU
129   1A91 CD AE 15                     CALL    DRWGUT
130   1A94 CD 27 17                     CALL    DRWSCRL
131   1A97 CD F9 14                     CALL    DRWSTAT
132   1A9A CD 4F 17                     CALL    DRWCUR
133   1A9D 3E 01                        LD      A, 1
134   1A9F 32 81 1B                     LD      (BLNKPH), A
135   1AA2 3A 9E FC                     LD      A, (JIFFY)
136   1AA5 32 82 1B                     LD      (BLNKCNT), A
137   1AA8
138   1AA8                              ; ENTER MAIN EDITOR LOOP
139   1AA8                              DBG     "11: ENTER MAINLOOP"
139   1AA8 CD 5F 04    >                CALL    DBGMSG
139   1AAB 31 31 3A 20 >                DEFM    "11: ENTER MAINLOOP", 10, 0
139   1AAF 45 4E 54 45 >
139   1AB3 52 20 4D 41 >
139   1AB7 49 4E 4C 4F >
139   1ABB 4F 50 0A 00 >
140   1ABF C3 41 14                     JP      MAINLOOP
141   1AC2
142   1AC2 11 03 01     .NODOS2         LD      DE, ENODOS2
143   1AC5 CD 45 03                     CALL    STROUT
144   1AC8 C3 4D 03                     JP      TERM
145   1ACB
146   1ACB 11 21 01     .NOMAP          LD      DE, ENOMAP
147   1ACE CD 45 03                     CALL    STROUT
148   1AD1 C3 4D 03                     JP      TERM
149   1AD4
150   1AD4
151   1AD4              ; --- SCRINIT                ----------------------------------------
152   1AD4
153   1AD4
154   1AD4              ; - SCRINIT ----------------------------
155   1AD4              ; - SET SCREEN 6, PALETTE, CLEAR VRAM
156   1AD4              ; - IN:  NONE
157   1AD4              ; - OUT: NONE
158   1AD4              ; - CLOBBERS: ALL
159   1AD4              ; -
160   1AD4
161   1AD4 3E 06        SCRINIT         LD      A, 6
162   1AD6 DD 21 5F 00                  LD      IX, CHGMOD
163   1ADA CD 53 04                     CALL    BIOSCALL
164   1ADD 3E FF                        LD      A, #FF
165   1ADF 32 5E 1B                     LD      (SCRRDY), A
166   1AE2
167   1AE2                              ; SET BORDER TO SOLID BLACK (R#7 = 0) VIA RG7SAV
168   1AE2 3A E6 F3                     LD      A, (RG7SAV)
169   1AE5 E6 F0                        AND     #F0             ; BORDER COLOR 0 (BLACK)
170   1AE7 47                           LD      B, A
171   1AE8 0E 07                        LD      C, 7
172   1AEA DD 21 47 00                  LD      IX, WRTVDP_B
173   1AEE CD 53 04                     CALL    BIOSCALL
174   1AF1
175   1AF1                              ; SET MODE REG 2 (R#8): DISABLE SPRITES (SPD=1), TP=1, VR=1 VIA RG8SAV
176   1AF1 3A E7 FF                     LD      A, (RG8SAV)
177   1AF4 F6 2A                        OR      #2A             ; SPD=1, VR=1, TP=1
178   1AF6 47                           LD      B, A
179   1AF7 0E 08                        LD      C, 8
180   1AF9 DD 21 47 00                  LD      IX, WRTVDP_B
181   1AFD CD 53 04                     CALL    BIOSCALL
182   1B00
183   1B00                              ; SET PALETTE (R#16 = 0, THEN 8 BYTES TO PORT #9A)
184   1B00 AF                           XOR     A
185   1B01 D3 99                        OUT     (VDPCT), A      ; PALETTE 0
186   1B03 3E 90                        LD      A, #90          ; REG 16 | #80
187   1B05 D3 99                        OUT     (VDPCT), A
188   1B07 21 51 1B                     LD      HL, PALDATA
189   1B0A 06 08                        LD      B, 8            ; 4 COLORS * 2 BYTES
190   1B0C 0E 9A                        LD      C, VDPPAL       ; PORT #9A
191   1B0E ED B3                        OTIR
192   1B10 FB                           EI
193   1B11
194   1B11                              ; CLEAR VRAM (HMMV 512x212)
195   1B11 21 00 00                     LD      HL, 0
196   1B14 22 6B 1E                     LD      (VDP_SX), HL
197   1B17 22 6D 1E                     LD      (VDP_SY), HL
198   1B1A 22 6F 1E                     LD      (VDP_DX), HL
199   1B1D 22 71 1E                     LD      (VDP_DY), HL
200   1B20 21 00 02                     LD      HL, 512
201   1B23 22 73 1E                     LD      (VDP_NX), HL
202   1B26 21 D4 00                     LD      HL, 212
203   1B29 22 75 1E                     LD      (VDP_NY), HL
204   1B2C 3E 00                        LD      A, CLR_BG
205   1B2E 32 77 1E                     LD      (VDP_CLR), A
206   1B31 AF                           XOR     A
207   1B32 32 78 1E                     LD      (VDP_ARG), A
208   1B35 21 6B 1E                     LD      HL, VDPCMBLK
209   1B38 CD C7 06                     CALL    HMMV
210   1B3B CD 66 06                     CALL    VDPWAIT
211   1B3E
212   1B3E                              ; DISABLE KEY CLICK
213   1B3E AF                           XOR     A
214   1B3F 32 DB F3                     LD      (CLIKSW), A
215   1B42
216   1B42                              ; ERASE FUNCTION KEYS
217   1B42 DD 21 CC 00                  LD      IX, ERAFNK
218   1B46 CD 53 04                     CALL    BIOSCALL
219   1B49
220   1B49                              ; FLUSH KEYBOARD BUFFER
221   1B49 DD 21 56 01                  LD      IX, KILBUF
222   1B4D CD 53 04                     CALL    BIOSCALL
223   1B50 C9                           RET
224   1B51
225   1B51 00 00        PALDATA         DEFB    #00, #00        ; 0: BLACK
226   1B53 77 07                        DEFB    #77, #07        ; 1: WHITE FG
227   1B55 17 02                        DEFB    #17, #02        ; 2: BLUE UI (R=1, B=7, G=2)
228   1B57 70 07                        DEFB    #70, #07        ; 3: YELLOW HI (R=7, B=0, G=7)
229   1B59
230   1B59
231   1B59              ; --- HOOKS                     ----------------------------------------
232   1B59
233   1B59
234   1B59              ; - HKBLINK ----------------------------
235   1B59              ; - CURSOR BLINK HOOK STUB
236   1B59              ; - IN:  NONE
237   1B59              ; - OUT: NONE
238   1B59              ; - CLOBBERS: NONE
239   1B59              ; -
240   1B59
241   1B59 C9           HKBLINK         RET
242   1B5A
243   1B5A
244   1B5A              ; - UNBLINK ----------------------------
245   1B5A              ; - UNHOOK CURSOR BLINK STUB
246   1B5A              ; - IN:  NONE
247   1B5A              ; - OUT: NONE
248   1B5A              ; - CLOBBERS: NONE
249   1B5A              ; -
250   1B5A
251   1B5A C9           UNBLINK         RET
252   1B5B
253   1B5B
254   1B5B              ; --- VARS                      ----------------------------------------
255   1B5B
256   1B5B
257   1B5B                              OUTEND
258   1B5B
259   1B5B                              INCLUDE VARS.Z8A
# file opened: VARS.Z8A
  1+  1B5B              ;                                       ****************************************
  2+  1B5B              ;                                       * VARS                                 *
  3+  1B5B              ;                                       ****************************************
  4+  1B5B
  5+  1B5B              VARS
  6+  1B5B
  7+  1B5B
  8+  1B5B              ; --- SYSTEM                    ----------------------------------------
  9+  1B5B
 10+  1B5B
 11+  1B5B 00           DOS2            DEFB    0               ; FF = DOS2/NEXTOR PRESENT, 00 = DOS1
 12+  1B5C 00           UNAPISET        DEFB    0               ; BDOS.Z8A UNAPI FLAG (UNUSED IN S6ED)
 13+  1B5D 00           MAPRDY          DEFB    0               ; FF = MAPPER MANAGER FOUND
 14+  1B5E 00           SCRRDY          DEFB    0               ; FF = SCREEN 6 INITIALIZED
 15+  1B5F 00 00        SAVESP          DEFW    0               ; ORIGINAL STACK POINTER
 16+  1B61 00           DEFSEG1         DEFB    0               ; ORIGINAL PAGE 1 MAPPER SEGMENT
 17+  1B62 00           DEFSEG2         DEFB    0               ; ORIGINAL PAGE 2 MAPPER SEGMENT
 18+  1B63
 19+  1B63
 20+  1B63
 21+  1B63              ; --- MAPPER JUMP TABLE ENTRIES ----------------------------------------
 22+  1B63
 23+  1B63                              ; FILLED AT INIT BY MAPINIT (EXTBIO → HOKVLD CHECK)
 24+  1B63 00 00        MALLSEG      DEFW    0               ; ALL_SEG ENTRY ADDRESS
 25+  1B65 00 00        MFRESEG      DEFW    0               ; FRE_SEG ENTRY ADDRESS
 26+  1B67 00 00        MRDSEG       DEFW    0               ; RD_SEG  ENTRY ADDRESS
 27+  1B69 00 00        MWRSEG       DEFW    0               ; WR_SEG  ENTRY ADDRESS
 28+  1B6B 00 00        MPUTP1       DEFW    0               ; PUT_P1  ENTRY ADDRESS (PAGE 1: DIR)
 29+  1B6D 00 00        MGETP1       DEFW    0               ; GET_P1  ENTRY ADDRESS
 30+  1B6F 00 00        MPUTP2       DEFW    0               ; PUT_P2  ENTRY ADDRESS (PAGE 2: TEXT)
 31+  1B71 00 00        MGETP2       DEFW    0               ; GET_P2  ENTRY ADDRESS
 32+  1B73
 33+  1B73
 34+  1B73              ; --- SEGMENTS                  ----------------------------------------
 35+  1B73
 36+  1B73 00           DIRSEG          DEFB    0               ; SEGMENT NUMBER BANKED AT PAGE 1 (DIR)
 37+  1B74 00           TXSEG           DEFB    0               ; SEGMENT NUMBER BANKED AT PAGE 2 (TEXT)
 38+  1B75
 39+  1B75
 40+  1B75              ; --- CURSOR / VIEWPORT         ----------------------------------------
 41+  1B75
 42+  1B75
 43+  1B75 00           CURX            DEFB    0               ; CURSOR COLUMN (0-79, DOC SPACE)
 44+  1B76 00           CURY            DEFB    0              ; CURSOR ROW    (0-23, VIEWPORT)
 45+  1B77 00           CURSEG          DEFB    0               ; SEGMENT CURRENTLY BANKED AT PAGE 2
 46+  1B78
 47+  1B78 00 00        TOPLINE         DEFW    0               ; FIRST VISIBLE DOCUMENT LINE (0-BASED)
 48+  1B7A 00 00        DOCLINE         DEFW    0               ; CURSOR DOCUMENT LINE (= TOPLINE + CURY)
 49+  1B7C 01 00        TOTLINES        DEFW    1               ; TOTAL LINES IN DOCUMENT
 50+  1B7E
 51+  1B7E
 52+  1B7E              ; --- EDITOR STATE              ----------------------------------------
 53+  1B7E
 54+  1B7E
 55+  1B7E 00           MODIFIED        DEFB    0               ; FF = BUFFER MODIFIED SINCE LAST SAVE
 56+  1B7F 01           INSMODE         DEFB    INS_MODE        ; INSERT (FF) OR OVERWRITE (00)
 57+  1B80 00           LANGMODE        DEFB    LGNONE       ; CURRENT LANGUAGE/TOKENIZER MODE
 58+  1B81 00           BLNKPH       DEFB    0               ; CURSOR BLINK PHASE (TOGGLED BY TIMI)
 59+  1B82 00           BLNKCNT         DEFB    0               ; BLINK TICK COUNTER
 60+  1B83
 61+  1B83
 62+  1B83              ; --- FILE                      ----------------------------------------
 63+  1B83
 64+  1B83
 65+  1B83 00 00 00...  FILENAME        DEFS    40, 0           ; CURRENT FILENAME (ASCIIZ)
 66+  1BAB 00           FILEHAND        DEFB    0               ; OPEN FILE HANDLE
 67+  1BAC 00           WASCR           DEFB    0               ; 1 = LAST CHAR PROCESSED WAS CR
 68+  1BAD
 69+  1BAD 00 00 00 00  FSIZETMP        DEFS    4               ; TEMP FOR BDOS SIZE CALCULATIONS
 70+  1BB1 00 00 00...  FCB             DEFS    SIZEFCB         ; FCB FOR DOS1 I/O
 71+  1BD6
 72+  1BD6
 73+  1BD6              ; --- PARAMS                    ----------------------------------------
 74+  1BD6
 75+  1BD6                              ; COMMAND-LINE PARAMETER PARSING (PARAMS.Z8A / BDOS EXTPARM)
 76+  1BD6 00           PSIZE           DEFB    0               ; FNDPARAM: CURRENT PARAM STRING SIZE
 77+  1BD7 00 00        PPNT            DEFW    0               ; FNDPARAM: POINTER TO PARAM STRING
 78+  1BD9 00 00 00...  PARMTMP         DEFS    40              ; CHKFILE: TEMP COPY OF ONE PARAM
 79+  1C01 00 00 00...  PARBUF          DEFS    128             ; EXTPARM RAW OUTPUT BUFFER
 80+  1C81
 81+  1C81
 82+  1C81              ; --- WORK BUFFER               ----------------------------------------
 83+  1C81
 84+  1C81                              ; FLAT 161-BYTE BUFFER: [1: TEXT_LEN] [80: TEXT] [80: ATTR]
 85+  1C81                              ; LOADED FROM MAPPER SEGMENT FOR CURRENT LINE BEING EDITED
 86+  1C81
 87+  1C81 00 00 00...  WORKBUF         DEFS    WORKSIZ
 88+  1D22 00 00 00...  FILEBUF         DEFS    256             ; TEMPORARY BUFFER FOR DISK READS
 89+  1E22 00 00 00...  FONTBUF         DEFS    32              ; TEMPORARY BUFFER FOR FONT EXPANSION
 90+  1E42
 91+  1E42
 92+  1E42              ; --- BLINK HANDLER             ----------------------------------------
 93+  1E42
 94+  1E42
 95+  1E42 00 00        PRVHTIMI      DEFW    0               ; SAVED ORIGINAL HTIMI HOOK VECTOR
 96+  1E44
 97+  1E44
 98+  1E44              ; --- GENERIC / UTIL            ----------------------------------------
 99+  1E44
100+  1E44                              ; B2D CONVERSION BUFFERS (FROM GENERIC.Z8A)
101+  1E44 00 00 00...  B2DINV          DEFS    8
102+  1E4C 00 00 00...  B2DBUF          DEFS    20
103+  1E60 00           B2DEND          DEFS    1
104+  1E61
105+  1E61                              ; FUNCTION KEYS SAVE BUFFER
106+  1E61 00 00 00...  FNKBUF          DEFS    10
107+  1E6B
108+  1E6B
109+  1E6B              ; --- LINE DIRECTORY            ----------------------------------------
110+  1E6B
111+  1E6B                              ; LIVES AT DIRPAGE (#4000) IN A DEDICATED MAPPER SEGMENT.
112+  1E6B                              ; ALLOCATED AT STARTUP BY BUFINIT, BANKED INTO PAGE 1 VIA
113+  1E6B                              ; PUTP1 — NEVER SWITCHED. ACCESSED AS FLAT ARRAY DIRECTLY.
114+  1E6B                              ; CAPACITY: MAXLINES ENTRIES × DIRSIZ BYTES = 16380 BYTES.
115+  1E6B
116+  1E6B
117+  1E6B
118+  1E6B              ; --- VDP COMMAND BLOCK          ----------------------------------------
119+  1E6B
120+  1E6B                              ; STANDARD 15-BYTE BLOCK FOR R#32 TO R#46
121+  1E6B
122+  1E6B 00 00 00...  VDPCMBLK      DEFS    15
123+  1E7A              VDP_SX          EQU     VDPCMBLK + 0  ; WORD
124+  1E7A              VDP_SY          EQU     VDPCMBLK + 2  ; WORD
125+  1E7A              VDP_DX          EQU     VDPCMBLK + 4  ; WORD
126+  1E7A              VDP_DY          EQU     VDPCMBLK + 6  ; WORD
127+  1E7A              VDP_NX          EQU     VDPCMBLK + 8  ; WORD
128+  1E7A              VDP_NY          EQU     VDPCMBLK + 10 ; WORD
129+  1E7A              VDP_CLR         EQU     VDPCMBLK + 12 ; BYTE
130+  1E7A              VDP_ARG         EQU     VDPCMBLK + 13 ; BYTE
131+  1E7A              VDP_CMD         EQU     VDPCMBLK + 14 ; BYTE
132+  1E7A
133+  1E7A
134+  1E7A 55 6E 6B 6E  UNKNOWN         DEFM    "Unknown("
134+  1E7E 6F 77 6E 28
135+  1E82 00 00 00...  .CODE           DEFS    5               ; ROOM FOR "NNN)$"
136+  1E87
137+  1E87              ENDVARS
138+  1E87
# file closed: VARS.Z8A
260   1E87
# file closed: S6ED.Z8A
